HEAD is now at b0d8acc71 Linux 6.16.9
Removing arch/arm/boot/dts/allwinner/sun8i-t113s-saxo-gateway.dts
Removing arch/arm/boot/dts/allwinner/sunxi-d1s-t113s-saxo.dtsi
patching file arch/arm/boot/dts/allwinner/Makefile
patching file arch/riscv/boot/dts/allwinner/sunxi-d1s-t113.dtsi
  YACC    scripts/kconfig/parser.tab.[ch]
  HOSTCC  scripts/kconfig/lexer.lex.o
  HOSTCC  scripts/kconfig/menu.o
  HOSTCC  scripts/kconfig/parser.tab.o
  HOSTCC  scripts/kconfig/preprocess.o
  HOSTCC  scripts/kconfig/symbol.o
  HOSTCC  scripts/kconfig/util.o
  HOSTLD  scripts/kconfig/conf
#
# configuration written to .config
#
  WRAP    arch/arm/include/generated/uapi/asm/kvm_para.h
  WRAP    arch/arm/include/generated/uapi/asm/bitsperlong.h
  WRAP    arch/arm/include/generated/uapi/asm/bpf_perf_event.h
  UPD     include/generated/uapi/linux/version.h
  WRAP    arch/arm/include/generated/uapi/asm/errno.h
  SYSHDR  arch/arm/include/generated/uapi/asm/unistd-oabi.h
  WRAP    arch/arm/include/generated/uapi/asm/ioctl.h
  WRAP    arch/arm/include/generated/uapi/asm/ipcbuf.h
  WRAP    arch/arm/include/generated/uapi/asm/msgbuf.h
  SYSHDR  arch/arm/include/generated/uapi/asm/unistd-eabi.h
  WRAP    arch/arm/include/generated/uapi/asm/param.h
  WRAP    arch/arm/include/generated/uapi/asm/poll.h
  WRAP    arch/arm/include/generated/uapi/asm/resource.h
  WRAP    arch/arm/include/generated/uapi/asm/shmbuf.h
  WRAP    arch/arm/include/generated/uapi/asm/sembuf.h
  HOSTCC  scripts/dtc/dtc.o
  WRAP    arch/arm/include/generated/uapi/asm/siginfo.h
  HOSTCC  scripts/dtc/flattree.o
  HOSTCC  scripts/dtc/fstree.o
  WRAP    arch/arm/include/generated/uapi/asm/socket.h
  WRAP    arch/arm/include/generated/uapi/asm/sockios.h
  HOSTCC  scripts/dtc/data.o
  WRAP    arch/arm/include/generated/uapi/asm/termbits.h
  UPD     include/generated/compile.h
  HOSTCC  scripts/dtc/livetree.o
  WRAP    arch/arm/include/generated/uapi/asm/termios.h
  HOSTCC  scripts/dtc/treesource.o
  WRAP    arch/arm/include/generated/asm/early_ioremap.h
  WRAP    arch/arm/include/generated/asm/extable.h
  WRAP    arch/arm/include/generated/asm/flat.h
  WRAP    arch/arm/include/generated/asm/parport.h
  WRAP    arch/arm/include/generated/asm/cfi.h
  WRAP    arch/arm/include/generated/asm/compat.h
  HOSTCC  scripts/dtc/srcpos.o
  WRAP    arch/arm/include/generated/asm/dma-mapping.h
  HOSTCC  scripts/dtc/checks.o
  WRAP    arch/arm/include/generated/asm/emergency-restart.h
  WRAP    arch/arm/include/generated/asm/exec.h
  WRAP    arch/arm/include/generated/asm/irq_regs.h
  WRAP    arch/arm/include/generated/asm/kdebug.h
  WRAP    arch/arm/include/generated/asm/kmap_size.h
  WRAP    arch/arm/include/generated/asm/local.h
  WRAP    arch/arm/include/generated/asm/local64.h
  WRAP    arch/arm/include/generated/asm/mmiowb.h
  WRAP    arch/arm/include/generated/asm/msi.h
  UPD     include/config/kernel.release
  WRAP    arch/arm/include/generated/asm/preempt.h
  WRAP    arch/arm/include/generated/asm/rqspinlock.h
  WRAP    arch/arm/include/generated/asm/runtime-const.h
  WRAP    arch/arm/include/generated/asm/rwonce.h
  WRAP    arch/arm/include/generated/asm/serial.h
  UPD     include/generated/utsrelease.h
  WRAP    arch/arm/include/generated/asm/softirq_stack.h
  WRAP    arch/arm/include/generated/asm/trace_clock.h
  WRAP    arch/arm/include/generated/asm/video.h
  HOSTCC  scripts/dtc/util.o
  LEX     scripts/dtc/dtc-lexer.lex.c
  YACC    scripts/dtc/dtc-parser.tab.[ch]
  HOSTCC  scripts/dtc/libfdt/fdt.o
  HOSTCC  scripts/dtc/libfdt/fdt_ro.o
  HOSTCC  scripts/dtc/libfdt/fdt_wip.o
  HOSTCC  scripts/dtc/libfdt/fdt_sw.o
  HOSTCC  scripts/dtc/libfdt/fdt_rw.o
  HOSTCC  scripts/dtc/libfdt/fdt_strerror.o
  HOSTCC  scripts/dtc/libfdt/fdt_empty_tree.o
  HOSTCC  scripts/dtc/libfdt/fdt_addresses.o
  HOSTCC  scripts/dtc/libfdt/fdt_overlay.o
  HOSTCC  scripts/dtc/fdtoverlay.o
  HOSTCC  scripts/dtc/dtc-lexer.lex.o
  HOSTCC  scripts/dtc/dtc-parser.tab.o
  HOSTLD  scripts/dtc/fdtoverlay
  HOSTLD  scripts/dtc/dtc
  HOSTCC  scripts/kallsyms
  HOSTCC  scripts/sorttable
  HOSTCC  scripts/asn1_compiler
  TOUCH   include/generated/gcc-plugins.h
  DTC     arch/arm/boot/dts/allwinner/sun4i-a10-a1000.dtb
  DTC     arch/arm/boot/dts/allwinner/sun4i-a10-ba10-tvbox.dtb
  DTC     arch/arm/boot/dts/allwinner/sun4i-a10-chuwi-v7-cw0825.dtb
  DTC     arch/arm/boot/dts/allwinner/sun4i-a10-cubieboard.dtb
  DTC     arch/arm/boot/dts/allwinner/sun4i-a10-dserve-dsrv9703c.dtb
  DTC     arch/arm/boot/dts/allwinner/sun4i-a10-gemei-g9.dtb
  DTC     arch/arm/boot/dts/allwinner/sun4i-a10-hackberry.dtb
  DTC     arch/arm/boot/dts/allwinner/sun4i-a10-hyundai-a7hd.dtb
  DTC     arch/arm/boot/dts/allwinner/sun4i-a10-inet1.dtb
  DTC     arch/arm/boot/dts/allwinner/sun4i-a10-inet97fv2.dtb
  DTC     arch/arm/boot/dts/allwinner/sun4i-a10-inet9f-rev03.dtb
  DTC     arch/arm/boot/dts/allwinner/sun4i-a10-itead-iteaduino-plus.dtb
  DTC     arch/arm/boot/dts/allwinner/sun4i-a10-jesurun-q5.dtb
  DTC     arch/arm/boot/dts/allwinner/sun4i-a10-marsboard.dtb
  DTC     arch/arm/boot/dts/allwinner/sun4i-a10-mini-xplus.dtb
  DTC     arch/arm/boot/dts/allwinner/sun4i-a10-mk802.dtb
  DTC     arch/arm/boot/dts/allwinner/sun4i-a10-mk802ii.dtb
  DTC     arch/arm/boot/dts/allwinner/sun4i-a10-olinuxino-lime.dtb
  DTC     arch/arm/boot/dts/allwinner/sun4i-a10-pcduino.dtb
  DTC     arch/arm/boot/dts/allwinner/sun4i-a10-pcduino2.dtb
  DTC     arch/arm/boot/dts/allwinner/sun4i-a10-pov-protab2-ips9.dtb
  DTC     arch/arm/boot/dts/allwinner/sun4i-a10-topwise-a721.dtb
  DTC     arch/arm/boot/dts/allwinner/sun5i-a10s-auxtek-t003.dtb
  DTC     arch/arm/boot/dts/allwinner/sun5i-a10s-auxtek-t004.dtb
  DTC     arch/arm/boot/dts/allwinner/sun5i-a10s-mk802.dtb
  DTC     arch/arm/boot/dts/allwinner/sun5i-a10s-olinuxino-micro.dtb
  DTC     arch/arm/boot/dts/allwinner/sun5i-a10s-r7-tv-dongle.dtb
  DTC     arch/arm/boot/dts/allwinner/sun5i-a10s-wobo-i5.dtb
  DTC     arch/arm/boot/dts/allwinner/sun5i-a13-difrnce-dit4350.dtb
  DTC     arch/arm/boot/dts/allwinner/sun5i-a13-empire-electronix-d709.dtb
  DTC     arch/arm/boot/dts/allwinner/sun5i-a13-empire-electronix-m712.dtb
  DTC     arch/arm/boot/dts/allwinner/sun5i-a13-hsg-h702.dtb
  DTC     arch/arm/boot/dts/allwinner/sun5i-a13-inet-98v-rev2.dtb
  DTC     arch/arm/boot/dts/allwinner/sun5i-a13-licheepi-one.dtb
  DTC     arch/arm/boot/dts/allwinner/sun5i-a13-olinuxino.dtb
  DTC     arch/arm/boot/dts/allwinner/sun5i-a13-olinuxino-micro.dtb
  DTC     arch/arm/boot/dts/allwinner/sun5i-a13-pocketbook-touch-lux-3.dtb
  DTC     arch/arm/boot/dts/allwinner/sun5i-a13-pocketbook-614-plus.dtb
  DTC     arch/arm/boot/dts/allwinner/sun5i-a13-q8-tablet.dtb
  DTC     arch/arm/boot/dts/allwinner/sun5i-a13-utoo-p66.dtb
  DTC     arch/arm/boot/dts/allwinner/sun5i-gr8-chip-pro.dtb
  DTC     arch/arm/boot/dts/allwinner/sun5i-gr8-evb.dtb
  DTC     arch/arm/boot/dts/allwinner/sun5i-r8-chip.dtb
  DTC     arch/arm/boot/dts/allwinner/sun6i-a31-app4-evb1.dtb
  DTC     arch/arm/boot/dts/allwinner/sun6i-a31-colombus.dtb
  DTC     arch/arm/boot/dts/allwinner/sun6i-a31-hummingbird.dtb
  DTC     arch/arm/boot/dts/allwinner/sun6i-a31-i7.dtb
  DTC     arch/arm/boot/dts/allwinner/sun6i-a31-m9.dtb
  DTC     arch/arm/boot/dts/allwinner/sun6i-a31-mele-a1000g-quad.dtb
  DTC     arch/arm/boot/dts/allwinner/sun6i-a31s-colorfly-e708-q1.dtb
  DTC     arch/arm/boot/dts/allwinner/sun6i-a31s-cs908.dtb
  DTC     arch/arm/boot/dts/allwinner/sun6i-a31s-inet-q972.dtb
  DTC     arch/arm/boot/dts/allwinner/sun6i-a31s-primo81.dtb
  DTC     arch/arm/boot/dts/allwinner/sun6i-a31s-sina31s.dtb
  DTC     arch/arm/boot/dts/allwinner/sun6i-a31s-sinovoip-bpi-m2.dtb
  DTC     arch/arm/boot/dts/allwinner/sun6i-a31s-yones-toptech-bs1078-v2.dtb
  DTC     arch/arm/boot/dts/allwinner/sun7i-a20-bananapi.dtb
  DTC     arch/arm/boot/dts/allwinner/sun7i-a20-bananapi-m1-plus.dtb
  DTC     arch/arm/boot/dts/allwinner/sun7i-a20-bananapro.dtb
  DTC     arch/arm/boot/dts/allwinner/sun7i-a20-cubieboard2.dtb
  DTC     arch/arm/boot/dts/allwinner/sun7i-a20-cubietruck.dtb
  DTC     arch/arm/boot/dts/allwinner/sun7i-a20-haoyu-marsboard.dtb
  DTC     arch/arm/boot/dts/allwinner/sun7i-a20-hummingbird.dtb
  DTC     arch/arm/boot/dts/allwinner/sun7i-a20-itead-ibox.dtb
  DTC     arch/arm/boot/dts/allwinner/sun7i-a20-i12-tvbox.dtb
  DTC     arch/arm/boot/dts/allwinner/sun7i-a20-icnova-a20-adb4006.dtb
  DTC     arch/arm/boot/dts/allwinner/sun7i-a20-icnova-swac.dtb
  DTC     arch/arm/boot/dts/allwinner/sun7i-a20-lamobo-r1.dtb
  DTC     arch/arm/boot/dts/allwinner/sun7i-a20-linutronix-testbox-v2.dtb
  DTC     arch/arm/boot/dts/allwinner/sun7i-a20-m3.dtb
  DTC     arch/arm/boot/dts/allwinner/sun7i-a20-mk808c.dtb
  DTC     arch/arm/boot/dts/allwinner/sun7i-a20-olimex-som-evb.dtb
  DTC     arch/arm/boot/dts/allwinner/sun7i-a20-olimex-som-evb-emmc.dtb
  DTC     arch/arm/boot/dts/allwinner/sun7i-a20-olimex-som204-evb.dtb
  DTC     arch/arm/boot/dts/allwinner/sun7i-a20-olimex-som204-evb-emmc.dtb
  DTC     arch/arm/boot/dts/allwinner/sun7i-a20-olinuxino-lime.dtb
  DTC     arch/arm/boot/dts/allwinner/sun7i-a20-olinuxino-lime-emmc.dtb
  DTC     arch/arm/boot/dts/allwinner/sun7i-a20-olinuxino-lime2.dtb
  DTC     arch/arm/boot/dts/allwinner/sun7i-a20-olinuxino-lime2-emmc.dtb
  DTC     arch/arm/boot/dts/allwinner/sun7i-a20-olinuxino-micro.dtb
  DTC     arch/arm/boot/dts/allwinner/sun7i-a20-olinuxino-micro-emmc.dtb
  DTC     arch/arm/boot/dts/allwinner/sun7i-a20-orangepi.dtb
  DTC     arch/arm/boot/dts/allwinner/sun7i-a20-orangepi-mini.dtb
  DTC     arch/arm/boot/dts/allwinner/sun7i-a20-pcduino3.dtb
  DTC     arch/arm/boot/dts/allwinner/sun7i-a20-pcduino3-nano.dtb
  DTC     arch/arm/boot/dts/allwinner/sun7i-a20-wexler-tab7200.dtb
  DTC     arch/arm/boot/dts/allwinner/sun7i-a20-wits-pro-a20-dkt.dtb
  DTC     arch/arm/boot/dts/allwinner/sun8i-a23-evb.dtb
  DTC     arch/arm/boot/dts/allwinner/sun8i-a23-gt90h-v4.dtb
  DTC     arch/arm/boot/dts/allwinner/sun8i-a23-inet86dz.dtb
  DTC     arch/arm/boot/dts/allwinner/sun8i-a23-ippo-q8h-v5.dtb
  DTC     arch/arm/boot/dts/allwinner/sun8i-a23-ippo-q8h-v1.2.dtb
  DTC     arch/arm/boot/dts/allwinner/sun8i-a23-polaroid-mid2407pxe03.dtb
  DTC     arch/arm/boot/dts/allwinner/sun8i-a23-polaroid-mid2809pxe04.dtb
  DTC     arch/arm/boot/dts/allwinner/sun8i-a23-q8-tablet.dtb
  DTC     arch/arm/boot/dts/allwinner/sun8i-a33-et-q8-v1.6.dtb
  DTC     arch/arm/boot/dts/allwinner/sun8i-a33-ga10h-v1.1.dtb
  DTC     arch/arm/boot/dts/allwinner/sun8i-a33-inet-d978-rev2.dtb
  DTC     arch/arm/boot/dts/allwinner/sun8i-a33-ippo-q8h-v1.2.dtb
  DTC     arch/arm/boot/dts/allwinner/sun8i-a33-olinuxino.dtb
  DTC     arch/arm/boot/dts/allwinner/sun8i-a33-q8-tablet.dtb
  DTC     arch/arm/boot/dts/allwinner/sun8i-a33-sinlinx-sina33.dtb
  DTC     arch/arm/boot/dts/allwinner/sun8i-a33-vstar.dtb
  DTC     arch/arm/boot/dts/allwinner/sun8i-a83t-allwinner-h8homlet-v2.dtb
  DTC     arch/arm/boot/dts/allwinner/sun8i-a83t-bananapi-m3.dtb
  DTC     arch/arm/boot/dts/allwinner/sun8i-a83t-cubietruck-plus.dtb
  DTC     arch/arm/boot/dts/allwinner/sun8i-a83t-tbs-a711.dtb
  DTC     arch/arm/boot/dts/allwinner/sun8i-h2-plus-bananapi-m2-zero.dtb
  DTC     arch/arm/boot/dts/allwinner/sun8i-h2-plus-libretech-all-h3-cc.dtb
  DTC     arch/arm/boot/dts/allwinner/sun8i-h2-plus-orangepi-r1.dtb
  DTC     arch/arm/boot/dts/allwinner/sun8i-h2-plus-orangepi-zero.dtb
  DTC     arch/arm/boot/dts/allwinner/sun8i-h3-bananapi-m2-plus.dtb
  DTC     arch/arm/boot/dts/allwinner/sun8i-h3-bananapi-m2-plus-v1.2.dtb
  DTC     arch/arm/boot/dts/allwinner/sun8i-h3-beelink-x2.dtb
  DTC     arch/arm/boot/dts/allwinner/sun8i-h3-libretech-all-h3-cc.dtb
  DTC     arch/arm/boot/dts/allwinner/sun8i-h3-mapleboard-mp130.dtb
  DTC     arch/arm/boot/dts/allwinner/sun8i-h3-nanopi-duo2.dtb
  DTC     arch/arm/boot/dts/allwinner/sun8i-h3-nanopi-m1.dtb
  DTC     arch/arm/boot/dts/allwinner/sun8i-h3-nanopi-m1-plus.dtb
  DTC     arch/arm/boot/dts/allwinner/sun8i-h3-nanopi-neo.dtb
  DTC     arch/arm/boot/dts/allwinner/sun8i-h3-nanopi-neo-air.dtb
  DTC     arch/arm/boot/dts/allwinner/sun8i-h3-nanopi-r1.dtb
  DTC     arch/arm/boot/dts/allwinner/sun8i-h3-orangepi-2.dtb
  DTC     arch/arm/boot/dts/allwinner/sun8i-h3-orangepi-lite.dtb
  DTC     arch/arm/boot/dts/allwinner/sun8i-h3-orangepi-one.dtb
  DTC     arch/arm/boot/dts/allwinner/sun8i-h3-orangepi-pc.dtb
  DTC     arch/arm/boot/dts/allwinner/sun8i-h3-orangepi-pc-plus.dtb
  DTC     arch/arm/boot/dts/allwinner/sun8i-h3-orangepi-plus.dtb
  DTC     arch/arm/boot/dts/allwinner/sun8i-h3-orangepi-plus2e.dtb
  DTC     arch/arm/boot/dts/allwinner/sun8i-h3-orangepi-zero-plus2.dtb
  DTC     arch/arm/boot/dts/allwinner/sun8i-h3-rervision-dvk.dtb
  DTC     arch/arm/boot/dts/allwinner/sun8i-h3-zeropi.dtb
  DTC     arch/arm/boot/dts/allwinner/sun8i-h3-emlid-neutis-n5h3-devboard.dtb
  DTC     arch/arm/boot/dts/allwinner/sun8i-r16-bananapi-m2m.dtb
  DTC     arch/arm/boot/dts/allwinner/sun8i-r16-nintendo-nes-classic.dtb
  DTC     arch/arm/boot/dts/allwinner/sun8i-r16-nintendo-super-nes-classic.dtb
  DTC     arch/arm/boot/dts/allwinner/sun8i-r16-parrot.dtb
  DTC     arch/arm/boot/dts/allwinner/sun8i-r40-bananapi-m2-ultra.dtb
  DTC     arch/arm/boot/dts/allwinner/sun8i-r40-oka40i-c.dtb
  DTC     arch/arm/boot/dts/allwinner/sun8i-s3-elimo-initium.dtb
  DTC     arch/arm/boot/dts/allwinner/sun8i-s3-lichee-zero-plus.dtb
  DTC     arch/arm/boot/dts/allwinner/sun8i-s3-pinecube.dtb
  DTC     arch/arm/boot/dts/allwinner/sun8i-t113s-mangopi-mq-r-t113.dtb
  DTC     arch/arm/boot/dts/allwinner/sun8i-t113s-saxo-gateway.dtb
  DTC     arch/arm/boot/dts/allwinner/sun8i-t3-cqa3t-bv3.dtb
  DTC     arch/arm/boot/dts/allwinner/sun8i-v3-sl631-imx179.dtb
  DTC     arch/arm/boot/dts/allwinner/sun8i-v3s-anbernic-rg-nano.dtb
  DTC     arch/arm/boot/dts/allwinner/sun8i-v3s-licheepi-zero.dtb
  DTC     arch/arm/boot/dts/allwinner/sun8i-v3s-licheepi-zero-dock.dtb
  DTC     arch/arm/boot/dts/allwinner/sun8i-v3s-netcube-kumquat.dtb
  DTC     arch/arm/boot/dts/allwinner/sun8i-v40-bananapi-m2-berry.dtb
  DTC     arch/arm/boot/dts/allwinner/sun9i-a80-optimus.dtb
  DTC     arch/arm/boot/dts/allwinner/sun9i-a80-cubieboard4.dtb
  SYSNR   arch/arm/include/generated/asm/unistd-nr.h
  GEN     arch/arm/include/generated/asm/mach-types.h
  SYSTBL  arch/arm/include/generated/calls-oabi.S
  SYSTBL  arch/arm/include/generated/calls-eabi.S
  CC      scripts/mod/empty.o
  HOSTCC  scripts/mod/mk_elfconfig
  CC      scripts/mod/devicetable-offsets.s
  UPD     scripts/mod/devicetable-offsets.h
  MKELF   scripts/mod/elfconfig.h
  HOSTCC  scripts/mod/modpost.o
  HOSTCC  scripts/mod/file2alias.o
  HOSTCC  scripts/mod/sumversion.o
  HOSTCC  scripts/mod/symsearch.o
  HOSTLD  scripts/mod/modpost
  CC      kernel/bounds.s
  CHKSHA1 include/linux/atomic/atomic-arch-fallback.h
  CHKSHA1 include/linux/atomic/atomic-instrumented.h
  CHKSHA1 include/linux/atomic/atomic-long.h
  UPD     include/generated/timeconst.h
  UPD     include/generated/bounds.h
  CC      arch/arm/kernel/asm-offsets.s
  UPD     include/generated/asm-offsets.h
  CALL    scripts/checksyscalls.sh
  LDS     scripts/module.lds
  CC      init/main.o
  HOSTCC  usr/gen_init_cpio
  CC      arch/arm/mach-sunxi/sunxi.o
  CC      certs/system_keyring.o
  CC      arch/arm/mach-sunxi/mc_smp.o
  CC      ipc/util.o
  CC      mm/filemap.o
  CC      arch/arm/vfp/vfpmodule.o
  CC      fs/open.o
  CC      kernel/fork.o
  CC      kernel/exec_domain.o
  HOSTCC  certs/extract-cert
  GEN     usr/initramfs_data.cpio
  COPY    usr/initramfs_inc_data
  AS      usr/initramfs_data.o
  AR      usr/built-in.a
  CC      ipc/msgutil.o
  CERT    certs/x509_certificate_list
  CERT    certs/signing_key.x509
  AS      certs/system_certificates.o
  AR      certs/built-in.a
  AS      arch/arm/vfp/vfphw.o
  UPD     init/utsversion-tmp.h
  CC      mm/mempool.o
  AS      arch/arm/mach-sunxi/headsmp.o
  CC      mm/oom_kill.o
  CC      arch/arm/mach-sunxi/platsmp.o
  CC      arch/arm/vfp/vfpsingle.o
  LDS     arch/arm/vdso/vdso.lds
  CC      arch/arm/vdso/vgettimeofday.o
  CC      init/do_mounts.o
  CC      ipc/msg.o
  CC      ipc/sem.o
  AR      arch/arm/mach-sunxi/built-in.a
  CC      arch/arm/vfp/vfpdouble.o
  CC      fs/read_write.o
  CC      arch/arm/vdso/note.o
  CC      mm/fadvise.o
  HOSTCC  arch/arm/vdso/vdsomunge
  CC      kernel/panic.o
  LD      arch/arm/vdso/vdso.so.raw
  MUNGE   arch/arm/vdso/vdso.so.dbg
  OBJCOPY arch/arm/vdso/vdso.so
  AS      arch/arm/vdso/vdso.o
  AR      arch/arm/vdso/built-in.a
  CC      mm/maccess.o
  CC      arch/arm/kernel/elf.o
  CC      arch/arm/mm/extable.o
  CC      arch/arm/mm/fault.o
  AS      arch/arm/kernel/entry-common.o
  CC      arch/arm/kernel/irq.o
  AR      arch/arm/vfp/built-in.a
  CC      ipc/shm.o
  CC      init/do_mounts_initrd.o
  CC      arch/arm/common/firmware.o
  CC      security/keys/gc.o
  CC      kernel/cpu.o
  CC      arch/arm/mm/init.o
  CC      arch/arm/kernel/opcodes.o
  CC      mm/page-writeback.o
  CC      init/initramfs.o
  AS      arch/arm/common/secure_cntvoff.o
  AR      arch/arm/common/built-in.a
  CC      fs/file_table.o
  CC      arch/arm/kernel/process.o
  AR      arch/arm/probes/built-in.a
  CC      security/keys/key.o
  CC      arch/arm/mm/iomap.o
  CC      init/calibrate.o
  CC      ipc/syscall.o
  CC      ipc/ipc_sysctl.o
  CC      ipc/namespace.o
  CC      arch/arm/mm/dma-mapping.o
  CC      arch/arm/kernel/ptrace.o
  CC      init/init_task.o
  CC      fs/super.o
  CC      fs/char_dev.o
  CC      fs/stat.o
  AR      ipc/built-in.a
  CC      security/keys/keyring.o
  CC      kernel/exit.o
  CC      crypto/api.o
  CC      mm/folio-compat.o
  CC      arch/arm/mm/fault-armv.o
  CC      init/version.o
  AR      init/built-in.a
  CC      mm/readahead.o
  CC      arch/arm/kernel/reboot.o
  CC      arch/arm/kernel/io.o
  CC      arch/arm/mm/flush.o
  CC      arch/arm/kernel/setup.o
  CC      fs/exec.o
  CC      crypto/cipher.o
  CC      kernel/softirq.o
  CC      crypto/crypto_engine.o
  CC      arch/arm/mm/idmap.o
  CC      security/keys/keyctl.o
  CC      mm/swap.o
  CC      mm/truncate.o
  CC      arch/arm/mm/ioremap.o
  CC      arch/arm/mm/mmap.o
  CC      fs/pipe.o
  CC      arch/arm/kernel/signal.o
  CC      crypto/algapi.o
  CC      kernel/resource.o
  CC      security/keys/permission.o
  CC      arch/arm/mm/pgd.o
  CC      fs/namei.o
  CC      security/keys/process_keys.o
  AS      arch/arm/kernel/sigreturn_codes.o
  CC      arch/arm/kernel/stacktrace.o
  CC      arch/arm/kernel/sys_arm.o
  CC      mm/vmscan.o
  CC      arch/arm/mm/mmu.o
  CC      mm/shrinker.o
  CC      arch/arm/kernel/time.o
  CC      security/keys/request_key.o
  AR      arch/arm/net/built-in.a
  CC      kernel/sysctl.o
  CC      crypto/scatterwalk.o
  CC      arch/arm/kernel/traps.o
  CC      arch/arm/kernel/atags_parse.o
  AS      arch/arm/kernel/entry-armv.o
  CC      kernel/capability.o
  CC      block/bdev.o
  CC      block/fops.o
  CC      security/keys/request_key_auth.o
  CC      arch/arm/kernel/bugs.o
  CC      arch/arm/mm/pageattr.o
  CC      crypto/proc.o
  CC      arch/arm/kernel/cacheinfo.o
  CC      block/bio.o
  CC      arch/arm/mm/proc-syms.o
  CC      security/keys/user_defined.o
  CC      arch/arm/mm/alignment.o
  CC      arch/arm/kernel/armksyms.o
  CC      crypto/aead.o
  CC      kernel/ptrace.o
  CC      kernel/user.o
  CC      security/keys/proc.o
  CC      mm/shmem.o
  CC      io_uring/io_uring.o
  CC      mm/util.o
  CC      arch/arm/kernel/module.o
  CC      crypto/lskcipher.o
  AS      arch/arm/mm/abort-ev7.o
  CC      security/keys/sysctl.o
  AS      arch/arm/mm/pabort-v7.o
  AS      arch/arm/mm/cache-v7.o
  CC      arch/arm/mm/cache.o
  CC      security/keys/keyctl_pkey.o
  CC      arch/arm/mm/copypage-v6.o
  CC      fs/fcntl.o
  CC      block/elevator.o
  CC      arch/arm/kernel/module-plts.o
  CC      kernel/signal.o
  CC      crypto/skcipher.o
  CC      arch/arm/mm/context.o
  AR      security/keys/built-in.a
  CC      security/commoncap.o
  CC      security/min_addr.o
  CC      arch/arm/kernel/bios32.o
  CC      arch/arm/kernel/isa.o
  AS      arch/arm/mm/tlb-v7.o
  CC      arch/arm/mm/tlb.o
  CC      fs/ioctl.o
  CC      block/blk-core.o
  AS      arch/arm/mm/proc-v7.o
  CC      arch/arm/mm/proc-v7-bugs.o
  AR      arch/arm/crypto/built-in.a
  CC      security/device_cgroup.o
  CC      crypto/ahash.o
  CC      crypto/shash.o
  AS      arch/arm/kernel/sleep.o
  CC      arch/arm/kernel/suspend.o
  CC      arch/arm/mm/l2c-common.o
  CC      arch/arm/mm/cache-l2x0.o
  CC      mm/mmzone.o
  CC      arch/arm/kernel/smp.o
  AR      security/built-in.a
  CC      fs/readdir.o
  CC      arch/arm/kernel/smp_tlb.o
  CC      arch/arm/kernel/arch_timer.o
  CC      io_uring/opdef.o
  CC      crypto/akcipher.o
  CC      kernel/sys.o
  CC      mm/vmstat.o
  CC      block/blk-sysfs.o
  CC      mm/backing-dev.o
  CC      block/blk-flush.o
  AS      arch/arm/mm/l2c-l2x0-resume.o
  AR      arch/arm/mm/built-in.a
  CC      block/blk-settings.o
  CC      fs/select.o
  CC      arch/arm/kernel/unwind.o
  CC      io_uring/kbuf.o
  CC      crypto/sig.o
  CC      crypto/kpp.o
  AS      arch/arm/lib/ashldi3.o
  AS      arch/arm/lib/ashrdi3.o
  AS      arch/arm/lib/backtrace.o
  AS      arch/arm/lib/bswapsdi2.o
  AS      arch/arm/lib/call_with_stack.o
  AS      arch/arm/lib/changebit.o
  CC      arch/arm/kernel/devtree.o
  AS      arch/arm/lib/clear_user.o
  AS      arch/arm/lib/clearbit.o
  AS      arch/arm/lib/copy_from_user.o
  AS      arch/arm/lib/copy_page.o
  AS      arch/arm/lib/copy_to_user.o
  CC      arch/arm/kernel/swp_emulate.o
  AS      arch/arm/lib/csumipv6.o
  AS      arch/arm/lib/csumpartial.o
  CC      block/blk-ioc.o
  AS      arch/arm/lib/csumpartialcopy.o
  AS      arch/arm/lib/csumpartialcopyuser.o
  AS      arch/arm/lib/delay-loop.o
  CC      arch/arm/lib/delay.o
  CC      mm/mm_init.o
  ASN.1   crypto/rsapubkey.asn1.[ch]
  CC      mm/percpu.o
  ASN.1   crypto/rsaprivkey.asn1.[ch]
  CC      crypto/rsa.o
  CC      io_uring/rsrc.o
  CC      io_uring/notif.o
  AS      arch/arm/lib/div64.o
  AS      arch/arm/lib/findbit.o
  CC      arch/arm/kernel/hw_breakpoint.o
  AS      arch/arm/lib/getuser.o
  CC      kernel/umh.o
  AS      arch/arm/lib/io-readsb.o
  AS      arch/arm/lib/io-readsl.o
  AS      arch/arm/lib/io-readsw-armv4.o
  AS      arch/arm/lib/io-writesb.o
  AS      arch/arm/lib/io-writesl.o
  AS      arch/arm/lib/io-writesw-armv4.o
  CC      block/blk-map.o
  AS      arch/arm/lib/lib1funcs.o
  AS      arch/arm/lib/lshrdi3.o
  AS      arch/arm/lib/memchr.o
  AS      arch/arm/lib/memcpy.o
  CC      crypto/rsa_helper.o
  AS      arch/arm/lib/memmove.o
  AS      arch/arm/lib/memset.o
  AS      arch/arm/lib/muldi3.o
  AS      arch/arm/lib/putuser.o
  AS      arch/arm/lib/setbit.o
  AS      arch/arm/lib/strchr.o
  CC      fs/dcache.o
  AS      arch/arm/lib/strrchr.o
  AS      arch/arm/lib/testchangebit.o
  AS      arch/arm/lib/testclearbit.o
  AS      arch/arm/lib/testsetbit.o
  AS      arch/arm/lib/ucmpdi2.o
  CC      arch/arm/lib/crypto/sha256.o
  CC      crypto/rsa-pkcs1pad.o
  PERL    arch/arm/lib/crypto/sha256-core.S
  AS      arch/arm/lib/crypto/sha256-core.o
  AR      arch/arm/lib/crypto/built-in.a
  CC      lib/argv_split.o
  CC      kernel/workqueue.o
  AR      arch/arm/lib/lib.a
  AR      arch/arm/lib/built-in.a
  CC      io_uring/tctx.o
  CC      crypto/rsassa-pkcs1.o
  CC      arch/arm/kernel/perf_regs.o
  CC      block/blk-merge.o
  CC      lib/bug.o
  CC      lib/buildid.o
  CC      mm/slab_common.o
  CC      mm/compaction.o
  CC      kernel/pid.o
  CC      io_uring/filetable.o
  CC      crypto/acompress.o
  CC      arch/arm/kernel/perf_callchain.o
  CC      lib/clz_tab.o
  CC      lib/cmdline.o
  CC      lib/cpumask.o
  CC      io_uring/rw.o
  CC      block/blk-timeout.o
  CC      arch/arm/kernel/topology.o
  CC      fs/inode.o
  CC      arch/arm/kernel/vdso.o
  CC      crypto/scompress.o
  CC      crypto/algboss.o
  CC      lib/ctype.o
  CC      lib/dec_and_lock.o
  CC      crypto/testmgr.o
  CC      block/blk-lib.o
  CC      lib/decompress.o
  CC      lib/decompress_bunzip2.o
  AS      arch/arm/kernel/head.o
  AS      arch/arm/kernel/phys2virt.o
  AS      arch/arm/kernel/hyp-stub.o
  CC      mm/show_mem.o
  CC      arch/arm/kernel/psci_smp.o
  AS      arch/arm/kernel/smccc-call.o
  CC      fs/attr.o
  CC      fs/bad_inode.o
  CC      arch/arm/kernel/spectre.o
  CC      crypto/cmac.o
  CC      block/blk-mq.o
  CC      io_uring/poll.o
  CC      lib/decompress_inflate.o
  CC      lib/decompress_unlz4.o
  CC      mm/interval_tree.o
  LDS     arch/arm/kernel/vmlinux.lds
  AR      arch/arm/kernel/built-in.a
  AR      arch/arm/built-in.a
  CC      lib/decompress_unlzma.o
  CC      crypto/md5.o
  CC      lib/decompress_unlzo.o
  CC      io_uring/eventfd.o
  CC      io_uring/uring_cmd.o
  CC      kernel/task_work.o
  CC      fs/file.o
  CC      crypto/sha1_generic.o
  CC      crypto/sha256.o
  CC      lib/decompress_unxz.o
  CC      mm/list_lru.o
  CC      fs/filesystems.o
  CC      kernel/extable.o
  CC      kernel/params.o
  CC      kernel/kthread.o
  CC      io_uring/openclose.o
  CC      lib/decompress_unzstd.o
  CC      crypto/ecb.o
  CC      mm/workingset.o
  CC      block/blk-mq-tag.o
  CC      lib/dump_stack.o
  CC      kernel/sys_ni.o
  AR      drivers/cache/built-in.a
  CC      drivers/irqchip/irqchip.o
  CC      crypto/cbc.o
  CC      mm/debug.o
  CC      io_uring/sqpoll.o
  CC      fs/namespace.o
  CC      io_uring/xattr.o
  CC      lib/earlycpio.o
  CC      kernel/nsproxy.o
  CC      drivers/irqchip/irq-sun4i.o
  CC      lib/extable.o
  CC      drivers/irqchip/irq-sun6i-r.o
  CC      mm/gup.o
  CC      crypto/ctr.o
  CC      block/blk-mq-dma.o
  CC      lib/fdt.o
  CC      lib/fdt_addresses.o
  AR      sound/built-in.a
  CC      lib/fdt_empty_tree.o
  CC      net/devres.o
  CC      kernel/notifier.o
  CC      lib/fdt_ro.o
  CC      drivers/irqchip/irq-sunxi-nmi.o
  CC      crypto/gcm.o
  CC      drivers/irqchip/irq-gic.o
  CC      block/blk-stat.o
  CC      lib/fdt_rw.o
  CC      io_uring/nop.o
  CC      net/socket.o
  CC      kernel/ksysfs.o
  CC      kernel/cred.o
  CC      lib/fdt_strerror.o
  CC      lib/fdt_sw.o
  CC      lib/fdt_wip.o
  CC      fs/seq_file.o
  CC      block/blk-mq-sysfs.o
  CC      lib/flex_proportions.o
  CC      io_uring/fs.o
  CC      kernel/reboot.o
  CC      crypto/ccm.o
  CC      drivers/irqchip/irq-gic-common.o
  CC      mm/mmap_lock.o
  CC      lib/idr.o
  CC      block/blk-mq-cpumap.o
  AR      drivers/irqchip/built-in.a
  CC      io_uring/splice.o
  CC      drivers/bus/arm-cci.o
  CC      kernel/async.o
  CC      lib/iomem_copy.o
  CC      lib/irq_regs.o
  CC      fs/xattr.o
  CC      lib/is_single_threaded.o
  CC      crypto/des_generic.o
  CC      mm/vma_init.o
  CC      net/core/sock.o
  CC      block/blk-mq-sched.o
  CC      lib/klist.o
  CC      kernel/range.o
  CC      drivers/bus/sunxi-rsb.o
  CC      crypto/aes_generic.o
  CC      io_uring/sync.o
  CC      kernel/smpboot.o
  CC      lib/kobject.o
  CC      mm/highmem.o
  CC      mm/memory.o
  CC      kernel/ucount.o
  CC      drivers/bus/simple-pm-bus.o
  CC      crypto/crc32c.o
  CC      io_uring/msg_ring.o
  CC      block/ioctl.o
  CC      lib/kobject_uevent.o
  CC      fs/libfs.o
  CC      drivers/bus/mhi/host/init.o
  CC      kernel/regset.o
  CC      crypto/rng.o
  CC      net/core/request_sock.o
  CC      kernel/ksyms_common.o
  CC      io_uring/advise.o
  CC      block/genhd.o
  CC      io_uring/statx.o
  CC      crypto/ghash-generic.o
  CC      lib/logic_pio.o
  CC      kernel/groups.o
  CC      kernel/sched/core.o
  CC      drivers/bus/mhi/host/main.o
  CC      net/core/skbuff.o
  CC      io_uring/timeout.o
  CC      crypto/asymmetric_keys/asymmetric_type.o
  CC      lib/maple_tree.o
  CC      fs/fs-writeback.o
  CC      fs/pnode.o
  CC      block/ioprio.o
  CC      io_uring/cancel.o
  CC      crypto/asymmetric_keys/restrict.o
  CC      drivers/bus/mhi/host/pm.o
  CC      crypto/asymmetric_keys/signature.o
  CC      drivers/bus/mhi/host/boot.o
  CC      mm/mincore.o
  CC      crypto/asymmetric_keys/public_key.o
  CC      fs/splice.o
  CC      block/badblocks.o
  CC      io_uring/waitid.o
  ASN.1   crypto/asymmetric_keys/x509.asn1.[ch]
  ASN.1   crypto/asymmetric_keys/x509_akid.asn1.[ch]
  CC      crypto/asymmetric_keys/x509_loader.o
  CC      crypto/asymmetric_keys/x509_public_key.o
  AR      virt/lib/built-in.a
  AR      virt/built-in.a
  CC      mm/mlock.o
  CC      mm/mmap.o
  AR      drivers/bus/mhi/host/built-in.a
  AR      drivers/bus/mhi/built-in.a
  AR      drivers/bus/built-in.a
  CC      drivers/phy/phy-core.o
  CC      io_uring/register.o
  ASN.1   crypto/asymmetric_keys/pkcs7.asn1.[ch]
  CC      crypto/asymmetric_keys/pkcs7_trust.o
  CC      block/partitions/core.o
  CC      crypto/asymmetric_keys/pkcs7_verify.o
  CC      kernel/sched/fair.o
  CC      drivers/phy/phy-core-mipi-dphy.o
  CC      fs/sync.o
  CC      block/partitions/msdos.o
  CC      block/partitions/efi.o
  CC      mm/mmu_gather.o
  CC      crypto/asymmetric_keys/x509.asn1.o
  CC      crypto/asymmetric_keys/x509_akid.asn1.o
  CC      crypto/asymmetric_keys/x509_cert_parser.o
  CC      io_uring/truncate.o
  CC      drivers/phy/allwinner/phy-sun4i-usb.o
  CC      crypto/asymmetric_keys/pkcs7.asn1.o
  CC      crypto/asymmetric_keys/pkcs7_parser.o
  CC      mm/mprotect.o
  CC      io_uring/memmap.o
  CC      fs/utimes.o
  CC      net/ethernet/eth.o
  AR      block/partitions/built-in.a
  CC      block/blk-rq-qos.o
  AR      crypto/asymmetric_keys/built-in.a
  CC      crypto/hash_info.o
  CC      drivers/phy/allwinner/phy-sun6i-mipi-dphy.o
  CC      crypto/rsapubkey.asn1.o
  CC      crypto/rsaprivkey.asn1.o
  AR      crypto/built-in.a
  CC      kernel/locking/mutex.o
  CC      mm/mremap.o
  CC      io_uring/alloc_cache.o
  CC      fs/d_path.o
  CC      block/disk-events.o
  CC      net/core/datagram.o
  CC      drivers/phy/allwinner/phy-sun9i-usb.o
  AR      net/ethernet/built-in.a
  CC      net/core/stream.o
  CC      io_uring/zcrx.o
  CC      block/blk-ia-ranges.o
  CC      kernel/locking/semaphore.o
  CC      fs/stack.o
  CC      mm/msync.o
  CC      lib/memcat_p.o
  AR      drivers/phy/allwinner/built-in.a
  AR      drivers/phy/amlogic/built-in.a
  AR      drivers/phy/broadcom/built-in.a
  CC      block/early-lookup.o
  AR      drivers/phy/cadence/built-in.a
  AR      drivers/phy/freescale/built-in.a
  AR      drivers/phy/hisilicon/built-in.a
  AR      drivers/phy/ingenic/built-in.a
  AR      drivers/phy/intel/built-in.a
  AR      drivers/phy/lantiq/built-in.a
  AR      drivers/phy/marvell/built-in.a
  AR      drivers/phy/mediatek/built-in.a
  AR      drivers/phy/microchip/built-in.a
  AR      drivers/phy/motorola/built-in.a
  CC      kernel/locking/rwsem.o
  AR      drivers/phy/mscc/built-in.a
  AR      drivers/phy/nuvoton/built-in.a
  AR      drivers/phy/qualcomm/built-in.a
  AR      drivers/phy/ralink/built-in.a
  AR      drivers/phy/realtek/built-in.a
  AR      drivers/phy/renesas/built-in.a
  AR      drivers/phy/rockchip/built-in.a
  CC      fs/fs_struct.o
  AR      drivers/phy/samsung/built-in.a
  AR      drivers/phy/socionext/built-in.a
  AR      drivers/phy/st/built-in.a
  AR      drivers/phy/starfive/built-in.a
  CC      lib/nmi_backtrace.o
  AR      drivers/phy/sunplus/built-in.a
  AR      drivers/phy/tegra/built-in.a
  AR      drivers/phy/ti/built-in.a
  AR      drivers/phy/xilinx/built-in.a
  AR      drivers/phy/built-in.a
  CC      lib/objpool.o
  CC      drivers/pinctrl/core.o
  CC      mm/page_vma_mapped.o
  CC      block/bsg.o
  CC      kernel/sched/build_policy.o
  CC      fs/statfs.o
  CC      kernel/sched/build_utility.o
  CC      lib/plist.o
  CC      kernel/locking/percpu-rwsem.o
  CC      lib/radix-tree.o
  CC      net/core/scm.o
  CC      io_uring/io-wq.o
  CC      mm/pagewalk.o
  CC      block/mq-deadline.o
  CC      kernel/locking/spinlock.o
  CC      fs/fs_pin.o
  CC      lib/ratelimit.o
  CC      drivers/pinctrl/pinctrl-utils.o
  CC      lib/rbtree.o
  CC      kernel/locking/osq_lock.o
  CC      mm/pgtable-generic.o
  CC      kernel/locking/rtmutex_api.o
  CC      fs/nsfs.o
  CC      drivers/pinctrl/pinmux.o
  CC      net/core/gen_stats.o
  CC      lib/seq_buf.o
  CC      mm/rmap.o
  CC      block/kyber-iosched.o
  CC      io_uring/futex.o
  CC      lib/siphash.o
  CC      fs/fs_types.o
  CC      drivers/pinctrl/pinconf.o
  CC      net/core/gen_estimator.o
  AR      kernel/locking/built-in.a
  CC      net/core/net_namespace.o
  CC      lib/string.o
  CC      fs/fs_context.o
  CC      io_uring/epoll.o
  CC      drivers/pinctrl/pinconf-generic.o
  CC      block/blk-mq-debugfs.o
  CC      lib/timerqueue.o
  CC      lib/vsprintf.o
  CC      lib/win_minmax.o
  CC      io_uring/napi.o
  CC      mm/vmalloc.o
  CC      kernel/power/qos.o
  CC      drivers/pinctrl/devicetree.o
  CC      block/blk-pm.o
  CC      fs/fs_parser.o
  CC      net/core/secure_seq.o
  AR      drivers/pinctrl/actions/built-in.a
  AR      drivers/pinctrl/bcm/built-in.a
  CC      net/core/flow_dissector.o
  AR      drivers/pinctrl/cirrus/built-in.a
  AR      drivers/pinctrl/freescale/built-in.a
  AR      drivers/pinctrl/mediatek/built-in.a
  AR      drivers/pinctrl/mvebu/built-in.a
  AR      drivers/pinctrl/nomadik/built-in.a
  AR      drivers/pinctrl/nuvoton/built-in.a
  AR      drivers/pinctrl/nxp/built-in.a
  AR      drivers/pinctrl/qcom/built-in.a
  AR      drivers/pinctrl/sophgo/built-in.a
  AR      block/built-in.a
  AR      drivers/pinctrl/spacemit/built-in.a
  AR      drivers/pinctrl/sprd/built-in.a
  CC      net/core/sysctl_net_core.o
  AR      drivers/pinctrl/sunplus/built-in.a
  CC      drivers/pinctrl/sunxi/pinctrl-sunxi.o
  CC      fs/fsopen.o
  CC      kernel/power/main.o
  CC      io_uring/net.o
  CC      drivers/gpio/gpiolib.o
  CC      fs/init.o
  AR      kernel/sched/built-in.a
  CC      kernel/printk/printk.o
  CC      kernel/power/console.o
  CC      kernel/printk/printk_safe.o
  CC      drivers/pinctrl/sunxi/pinctrl-sunxi-dt.o
  CC      fs/kernel_read_file.o
  CC      mm/vma.o
  CC      kernel/power/process.o
  CC      lib/xarray.o
  CC      lib/lockref.o
  CC      net/core/dev.o
  CC      io_uring/cmd_net.o
  CC      drivers/pinctrl/sunxi/pinctrl-sun4i-a10.o
  CC      drivers/pinctrl/sunxi/pinctrl-sun5i.o
  CC      io_uring/fdinfo.o
  CC      fs/mnt_idmapping.o
  CC      drivers/pinctrl/sunxi/pinctrl-sun6i-a31.o
  CC      kernel/power/suspend.o
  CC      fs/remap_range.o
  CC      lib/bcd.o
  CC      lib/sort.o
  CC      lib/parser.o
  CC      drivers/pinctrl/sunxi/pinctrl-sun6i-a31-r.o
  AR      io_uring/built-in.a
  CC      drivers/gpio/gpiolib-devres.o
  CC      lib/debug_locks.o
  CC      fs/pidfs.o
  CC      drivers/gpio/gpiolib-legacy.o
  CC      kernel/printk/nbcon.o
  CC      lib/random32.o
  CC      drivers/pinctrl/sunxi/pinctrl-sun8i-a23.o
  CC      fs/buffer.o
  CC      lib/bust_spinlocks.o
  CC      drivers/gpio/gpiolib-of.o
  AR      kernel/power/built-in.a
  CC      drivers/gpio/gpiolib-cdev.o
  CC      drivers/pinctrl/sunxi/pinctrl-sun8i-a23-r.o
  CC      mm/vma_exec.o
  CC      drivers/pwm/core.o
  CC      kernel/printk/printk_ringbuffer.o
  CC      drivers/pinctrl/sunxi/pinctrl-sun8i-a33.o
  CC      lib/kasprintf.o
  CC      lib/bitmap.o
  AR      net/802/built-in.a
  CC      lib/scatterlist.o
  CC      lib/list_sort.o
  CC      mm/process_vm_access.o
  CC      drivers/leds/led-core.o
  CC      drivers/pinctrl/sunxi/pinctrl-sun8i-a83t.o
  CC      drivers/pinctrl/sunxi/pinctrl-sun8i-a83t-r.o
  CC      drivers/leds/led-class.o
  CC      kernel/printk/sysctl.o
  CC      drivers/pinctrl/sunxi/pinctrl-sun8i-h3.o
  CC      drivers/gpio/gpiolib-swnode.o
  CC      mm/page_alloc.o
  CC      drivers/pwm/pwm-sun4i.o
  CC      drivers/leds/led-triggers.o
  CC      drivers/leds/leds-gpio.o
  CC      drivers/pinctrl/sunxi/pinctrl-sun8i-h3-r.o
  AR      kernel/printk/built-in.a
  CC      kernel/irq/irqdesc.o
  CC      lib/uuid.o
  AR      drivers/gpio/built-in.a
  CC      kernel/irq/handle.o
  CC      lib/iov_iter.o
  CC      drivers/pinctrl/sunxi/pinctrl-sun8i-v3s.o
  CC      kernel/rcu/update.o
  AR      drivers/pwm/built-in.a
  CC      kernel/rcu/sync.o
  CC      fs/mpage.o
  CC      drivers/leds/trigger/ledtrig-heartbeat.o
  CC      drivers/pinctrl/sunxi/pinctrl-sun20i-d1.o
  CC      drivers/pinctrl/sunxi/pinctrl-sun9i-a80.o
  CC      drivers/pinctrl/sunxi/pinctrl-sun9i-a80-r.o
  CC      kernel/irq/manage.o
  CC      kernel/rcu/srcutree.o
  CC      drivers/leds/trigger/ledtrig-default-on.o
  CC      mm/page_frag_cache.o
  CC      mm/init-mm.o
  AR      drivers/pinctrl/sunxi/built-in.a
  AR      drivers/pinctrl/ti/built-in.a
  AR      drivers/pinctrl/built-in.a
  CC      mm/memblock.o
  AR      drivers/leds/trigger/built-in.a
  AR      drivers/leds/blink/built-in.a
  AR      drivers/leds/simatic/built-in.a
  AR      drivers/leds/built-in.a
  CC      drivers/pci/access.o
  CC      fs/proc_namespace.o
  CC      fs/direct-io.o
  CC      fs/notify/fsnotify.o
  CC      kernel/rcu/tree.o
  CC      lib/clz_ctz.o
  CC      lib/bsearch.o
  CC      kernel/irq/spurious.o
  CC      drivers/pci/bus.o
  CC      drivers/pci/probe.o
  CC      fs/notify/notification.o
  CC      lib/find_bit.o
  CC      lib/llist.o
  CC      kernel/irq/resend.o
  CC      kernel/irq/chip.o
  CC      kernel/irq/dummychip.o
  CC      fs/notify/group.o
  CC      lib/lwq.o
  CC      lib/memweight.o
  CC      lib/kfifo.o
  CC      kernel/rcu/rcu_segcblist.o
  CC      lib/percpu-refcount.o
  CC      lib/rhashtable.o
  CC      fs/notify/mark.o
  CC      kernel/irq/devres.o
  CC      mm/slub.o
  AR      kernel/livepatch/built-in.a
  CC      kernel/dma/mapping.o
  CC      kernel/dma/direct.o
  CC      net/sched/sch_generic.o
  CC      fs/notify/fdinfo.o
  CC      net/core/dev_api.o
  CC      drivers/pci/host-bridge.o
  CC      kernel/irq/kexec.o
  CC      lib/base64.o
  CC      lib/once.o
  CC      fs/notify/dnotify/dnotify.o
  CC      kernel/irq/generic-chip.o
  CC      lib/refcount.o
  CC      drivers/pci/remove.o
  CC      lib/rcuref.o
  CC      kernel/dma/ops_helpers.o
  CC      fs/notify/inotify/inotify_fsnotify.o
  CC      lib/usercopy.o
  CC      net/core/dev_addr_lists.o
  AR      fs/notify/dnotify/built-in.a
  CC      lib/errseq.o
  AR      kernel/rcu/built-in.a
  CC      net/netlink/af_netlink.o
  CC      net/netlink/genetlink.o
  CC      lib/bucket_locks.o
  CC      kernel/irq/autoprobe.o
  CC      fs/notify/inotify/inotify_user.o
  CC      drivers/pci/pci.o
  CC      kernel/dma/dummy.o
  CC      net/sched/sch_mq.o
  CC      lib/generic-radix-tree.o
  CC      kernel/irq/irqdomain.o
  CC      kernel/dma/contiguous.o
  CC      lib/bitmap-str.o
  CC      net/core/dst.o
  AR      fs/notify/inotify/built-in.a
  AR      fs/notify/fanotify/built-in.a
  AR      fs/notify/built-in.a
  CC      fs/eventpoll.o
  CC      net/sched/sch_frag.o
  CC      kernel/dma/coherent.o
  CC      lib/string_helpers.o
  CC      mm/madvise.o
  CC      kernel/irq/proc.o
  CC      kernel/dma/remap.o
  CC      net/core/netevent.o
  CC      mm/page_io.o
  AR      net/sched/built-in.a
  CC      mm/swap_state.o
  CC      net/netlink/policy.o
  CC      kernel/irq/cpuhotplug.o
  AR      kernel/dma/built-in.a
  AR      kernel/entry/built-in.a
  CC      drivers/pci/pci-driver.o
  CC      lib/hexdump.o
  CC      net/core/neighbour.o
  CC      lib/kstrtox.o
  CC      fs/anon_inodes.o
  CC      fs/signalfd.o
  CC      kernel/irq/pm.o
  CC      lib/math/div64.o
  CC      lib/math/gcd.o
  CC      mm/swapfile.o
  AR      net/netlink/built-in.a
  CC      mm/dmapool.o
  AR      net/bpf/built-in.a
  CC      lib/math/lcm.o
  CC      net/ethtool/ioctl.o
  CC      net/ethtool/common.o
  CC      lib/math/int_log.o
  CC      lib/math/int_pow.o
  CC      kernel/irq/ipi.o
  CC      drivers/pci/search.o
  CC      fs/timerfd.o
  CC      lib/math/int_sqrt.o
  CC      drivers/pci/rom.o
  CC      lib/math/reciprocal_div.o
  CC      drivers/pci/setup-res.o
  CC      kernel/irq/affinity.o
  CC      lib/math/rational.o
  AR      lib/math/tests/built-in.a
  AR      kernel/irq/built-in.a
  AR      lib/math/built-in.a
  CC      kernel/module/main.o
  CC      lib/crypto/memneq.o
  CC      drivers/video/cmdline.o
  CC      kernel/module/strict_rwx.o
  CC      fs/eventfd.o
  CC      net/core/rtnetlink.o
  CC      drivers/pci/irq.o
  CC      lib/crypto/utils.o
  CC      lib/crypto/chacha.o
  CC      drivers/pci/vpd.o
  CC      drivers/video/nomodeset.o
  CC      lib/crypto/aes.o
  CC      kernel/module/kmod.o
  CC      fs/aio.o
  CC      drivers/video/hdmi.o
  CC      mm/migrate.o
  CC      kernel/kcmp.o
  CC      lib/crypto/arc4.o
  CC      drivers/pci/setup-bus.o
  CC      lib/crypto/gf128mul.o
  AR      lib/tests/built-in.a
  CC      lib/crypto/blake2s.o
  CC      kernel/module/tree_lookup.o
  CC      drivers/video/console/dummycon.o
  CC      net/ipv4/route.o
  CC      net/unix/af_unix.o
  CC      net/ethtool/netlink.o
  CC      lib/crypto/blake2s-generic.o
  AR      drivers/video/console/built-in.a
  CC      drivers/video/backlight/backlight.o
  CC      kernel/module/kallsyms.o
  CC      lib/crypto/des.o
  CC      fs/locks.o
  CC      mm/page_isolation.o
  CC      kernel/module/procfs.o
  CC      drivers/video/backlight/pwm_bl.o
  CC      drivers/pci/vc.o
  CC      lib/crypto/sha1.o
  CC      net/ethtool/bitset.o
  CC      lib/crypto/sha256.o
  CC      kernel/module/sysfs.o
  CC      mm/zsmalloc.o
  AR      drivers/video/backlight/built-in.a
  AR      drivers/video/fbdev/core/built-in.a
  CC      drivers/pci/mmap.o
  AR      drivers/video/fbdev/omap/built-in.a
  CC      lib/crypto/sha256-generic.o
  AR      drivers/video/fbdev/omap2/omapfb/dss/built-in.a
  AR      drivers/video/fbdev/omap2/omapfb/displays/built-in.a
  AR      drivers/video/fbdev/omap2/omapfb/built-in.a
  AR      drivers/video/fbdev/omap2/built-in.a
  AR      drivers/video/fbdev/built-in.a
  CC      drivers/video/display_timing.o
  AR      kernel/module/built-in.a
  CC      kernel/freezer.o
  CC      drivers/video/videomode.o
  CC      lib/crypto/mpi/generic_mpih-lshift.o
  CC      drivers/video/of_display_timing.o
  CC      drivers/pci/devres.o
  CC      net/core/utils.o
  CC      lib/crypto/mpi/generic_mpih-mul1.o
  CC      net/ethtool/strset.o
  CC      kernel/stacktrace.o
  CC      drivers/video/of_videomode.o
  CC      net/unix/garbage.o
  CC      net/ipv4/inetpeer.o
  CC      fs/binfmt_script.o
  AR      drivers/video/built-in.a
  CC      fs/binfmt_elf.o
  CC      drivers/pci/msi/pcidev_msi.o
  CC      mm/early_ioremap.o
  CC      lib/crypto/mpi/generic_mpih-mul2.o
  CC      kernel/time/time.o
  CC      net/ipv6/addrconf_core.o
  AR      drivers/pci/msi/built-in.a
  CC      drivers/pci/pcie/aspm.o
  CC      mm/cma.o
  CC      lib/crypto/mpi/generic_mpih-mul3.o
  CC      net/core/link_watch.o
  CC      net/ipv4/protocol.o
  CC      net/ethtool/linkinfo.o
  CC      net/unix/sysctl_net_unix.o
  CC      net/ipv6/exthdrs_core.o
  CC      lib/crypto/mpi/generic_mpih-rshift.o
  CC      kernel/time/timer.o
  CC      fs/backing-file.o
  CC      mm/memfd.o
  CC      net/ipv4/ip_input.o
  CC      lib/crypto/mpi/generic_mpih-sub1.o
  AR      net/unix/built-in.a
  CC      kernel/time/hrtimer.o
  CC      net/ethtool/linkmodes.o
  CC      net/core/filter.o
  CC      fs/mbcache.o
  AR      drivers/pci/pcie/built-in.a
  AR      drivers/pci/pwrctrl/built-in.a
  CC      drivers/pci/proc.o
  CC      net/ipv6/ip6_checksum.o
  CC      lib/crypto/mpi/generic_mpih-add1.o
  CC      mm/execmem.o
  CC      fs/posix_acl.o
  CC      net/ethtool/rss.o
  CC      net/ipv6/ip6_icmp.o
  CC      lib/crypto/mpi/mpicoder.o
  CC      net/ipv4/ip_fragment.o
  CC      drivers/pci/pci-sysfs.o
  AR      mm/built-in.a
  CC      net/core/sock_diag.o
  CC      kernel/time/sleep_timeout.o
  CC      net/core/dev_ioctl.o
  CC      net/ipv6/output_core.o
  CC      lib/crypto/mpi/mpi-add.o
  CC      fs/nfs_common/nfsacl.o
  CC      net/ethtool/linkstate.o
  CC      kernel/time/timekeeping.o
  CC      fs/nfs_common/grace.o
  CC      net/ipv6/protocol.o
  CC      lib/crypto/mpi/mpi-bit.o
  CC      kernel/futex/core.o
  CC      net/ipv4/ip_forward.o
  CC      drivers/pci/slot.o
  CC      fs/nfs_common/common.o
  AR      drivers/idle/built-in.a
  CC      lib/crypto/mpi/mpi-cmp.o
  CC      net/ethtool/debug.o
  CC      lib/vdso/datastore.o
  CC      net/ipv6/ip6_offload.o
  CC      kernel/futex/syscalls.o
  AR      fs/nfs_common/built-in.a
  CC      fs/coredump.o
  CC      lib/crypto/mpi/mpi-sub-ui.o
  CC      drivers/pci/iomap.o
  AR      lib/vdso/built-in.a
  CC      net/packet/af_packet.o
  CC      net/ethtool/wol.o
  CC      net/ipv4/ip_options.o
  CC      kernel/time/ntp.o
  CC      lib/crypto/mpi/mpi-div.o
  CC      kernel/futex/pi.o
  CC      drivers/pci/of.o
  CC      net/ethtool/features.o
  CC      net/ipv6/tcpv6_offload.o
  CC      lib/crypto/mpi/mpi-mod.o
  CC      kernel/futex/requeue.o
  CC      kernel/time/clocksource.o
  CC      drivers/pci/quirks.o
  CC      lib/crypto/mpi/mpi-mul.o
  CC      net/ipv4/ip_output.o
  CC      net/ethtool/privflags.o
  CC      fs/drop_caches.o
  CC      kernel/time/jiffies.o
  CC      kernel/futex/waitwake.o
  CC      lib/crypto/mpi/mpih-cmp.o
  CC      kernel/time/timer_list.o
  CC      net/ipv6/exthdrs_offload.o
  CC      fs/sysctls.o
  CC      lib/crypto/mpi/mpih-div.o
  CC      fs/fhandle.o
  CC      net/ethtool/rings.o
  AR      kernel/futex/built-in.a
  CC      net/ipv4/ip_sockglue.o
  CC      kernel/time/timeconv.o
  AR      net/ipv6/built-in.a
  AR      drivers/char/ipmi/built-in.a
  CC      kernel/smp.o
  CC      kernel/time/timecounter.o
  CC      lib/crypto/mpi/mpih-mul.o
  CC      kernel/time/alarmtimer.o
  CC      net/core/tso.o
  CC      drivers/pci/syscall.o
  CC      fs/iomap/trace.o
  CC      net/ethtool/channels.o
  AR      net/packet/built-in.a
  CC      fs/iomap/iter.o
  CC      lib/iomap_copy.o
  CC      kernel/time/posix-timers.o
  CC      kernel/time/posix-cpu-timers.o
  CC      kernel/time/posix-clock.o
  CC      lib/crypto/mpi/mpi-pow.o
  AR      net/dsa/built-in.a
  CC      lib/crypto/mpi/mpiutil.o
  CC      drivers/pci/vgaarb.o
  CC      fs/iomap/buffered-io.o
  CC      net/core/sock_reuseport.o
  CC      net/ethtool/coalesce.o
  CC      net/ethtool/pause.o
  AR      lib/crypto/mpi/built-in.a
  AR      lib/crypto/built-in.a
  CC      kernel/uid16.o
  CC      lib/devres.o
  CC      net/ipv4/inet_hashtables.o
  CC      kernel/kallsyms.o
  AR      drivers/pci/controller/dwc/built-in.a
  AR      drivers/pci/controller/mobiveil/built-in.a
  AR      drivers/pci/controller/plda/built-in.a
  AR      drivers/pci/controller/built-in.a
  AR      drivers/pci/switch/built-in.a
  AR      drivers/pci/built-in.a
  AR      drivers/amba/built-in.a
  CC      drivers/clk/clk-devres.o
  CC      lib/hweight.o
  CC      lib/assoc_array.o
  CC      net/sunrpc/clnt.o
  CC      kernel/time/itimer.o
  CC      net/core/fib_notifier.o
  CC      drivers/clk/clk-bulk.o
  CC      drivers/clk/clkdev.o
  CC      net/ethtool/eee.o
  CC      net/core/xdp.o
  CC      lib/bitrev.o
  CC      lib/linear_ranges.o
  CC      drivers/clk/clk.o
  AR      fs/quota/built-in.a
  CC      drivers/clk/clk-divider.o
  CC      kernel/time/clockevents.o
  CC      lib/crc-ccitt.o
  CC      fs/iomap/direct-io.o
  CC      fs/iomap/ioend.o
  CC      net/ethtool/tsinfo.o
  CC      lib/crc16.o
  CC      net/ipv4/inet_timewait_sock.o
  HOSTCC  lib/gen_crc32table
  CC      kernel/time/tick-common.o
  CC      lib/xxhash.o
  CC      fs/iomap/fiemap.o
  CC      net/ipv4/inet_connection_sock.o
  CC      net/core/flow_offload.o
  CC      net/core/gro.o
  CC      net/sunrpc/xprt.o
  CC      net/core/netdev-genl.o
  CC      lib/genalloc.o
  CC      fs/iomap/seek.o
  CC      net/ethtool/cabletest.o
  CC      kernel/time/tick-broadcast.o
  CC      drivers/dma/dmaengine.o
  CC      fs/iomap/swapfile.o
  CC      lib/zlib_inflate/inffast.o
  CC      lib/zlib_inflate/inflate.o
  CC      kernel/time/tick-broadcast-hrtimer.o
  CC      net/ethtool/tunnels.o
  CC      kernel/time/sched_clock.o
  AR      fs/iomap/built-in.a
  CC      fs/proc/task_mmu.o
  CC      fs/proc/inode.o
  CC      drivers/clk/clk-fixed-factor.o
  CC      net/ipv4/tcp.o
  CC      drivers/dma/virt-dma.o
  CC      lib/zlib_inflate/infutil.o
  CC      net/core/netdev-genl-gen.o
  CC      kernel/time/tick-oneshot.o
  CC      net/sunrpc/socklib.o
  CC      lib/zlib_inflate/inftrees.o
  CC      drivers/clk/clk-fixed-rate.o
  CC      kernel/time/tick-sched.o
  CC      lib/zlib_inflate/inflate_syms.o
  CC      net/wireless/core.o
  CC      net/ethtool/fec.o
  CC      drivers/dma/of-dma.o
  CC      drivers/clk/clk-gate.o
  CC      net/core/gso.o
  AR      lib/zlib_inflate/built-in.a
  CC      lib/zlib_deflate/deflate.o
  CC      net/sunrpc/xprtsock.o
  CC      drivers/clk/clk-multiplier.o
  CC      kernel/time/timer_migration.o
  CC      drivers/dma/sun4i-dma.o
  CC      fs/proc/root.o
  CC      net/ethtool/eeprom.o
  CC      drivers/clk/clk-mux.o
  CC      lib/zlib_deflate/deftree.o
  CC      net/core/net-sysfs.o
  CC      kernel/time/vsyscall.o
  CC      net/wireless/sysfs.o
  CC      drivers/clk/clk-composite.o
  CC      fs/proc/base.o
  CC      kernel/time/timekeeping_debug.o
  CC      drivers/dma/sun6i-dma.o
  CC      lib/zlib_deflate/deflate_syms.o
  CC      net/ethtool/stats.o
  CC      drivers/clk/clk-fractional-divider.o
  AR      lib/zlib_deflate/built-in.a
  CC      lib/lzo/lzo1x_compress.o
  AR      kernel/time/built-in.a
  CC      kernel/cgroup/cgroup.o
  CC      net/wireless/radiotap.o
  CC      lib/lzo/lzo1x_compress_safe.o
  CC      drivers/clk/clk-gpio.o
  AR      drivers/dma/idxd/built-in.a
  AR      drivers/dma/amd/built-in.a
  AR      drivers/dma/mediatek/built-in.a
  AR      drivers/dma/qcom/built-in.a
  CC      net/sunrpc/sched.o
  AR      drivers/dma/stm32/built-in.a
  AR      drivers/dma/ti/built-in.a
  AR      drivers/dma/xilinx/built-in.a
  AR      drivers/dma/built-in.a
  CC      drivers/clk/clk-conf.o
  CC      lib/lzo/lzo1x_decompress_safe.o
  CC      net/ethtool/phc_vclocks.o
  CC      net/core/hotdata.o
  CC      net/wireless/util.o
  CC      fs/proc/generic.o
  CC      fs/proc/array.o
  AR      drivers/clk/actions/built-in.a
  AR      drivers/clk/analogbits/built-in.a
  CC      net/ipv4/tcp_input.o
  AR      lib/lzo/built-in.a
  AR      drivers/clk/bcm/built-in.a
  CC      lib/lz4/lz4_decompress.o
  AR      drivers/clk/imgtec/built-in.a
  AR      drivers/clk/imx/built-in.a
  AR      drivers/clk/ingenic/built-in.a
  AR      drivers/clk/mediatek/built-in.a
  AR      drivers/clk/microchip/built-in.a
  AR      drivers/clk/mstar/built-in.a
  AR      drivers/clk/mvebu/built-in.a
  AR      drivers/clk/ralink/built-in.a
  AR      drivers/clk/renesas/built-in.a
  AR      drivers/clk/socfpga/built-in.a
  AR      drivers/clk/sophgo/built-in.a
  AR      drivers/clk/spacemit/built-in.a
  AR      drivers/clk/sprd/built-in.a
  AR      drivers/clk/starfive/built-in.a
  CC      drivers/clk/sunxi/clk-factors.o
  CC      net/ethtool/mm.o
  CC      net/core/netdev_rx_queue.o
  CC      drivers/clk/sunxi/clk-sunxi.o
  CC      fs/kernfs/mount.o
  CC      fs/proc/fd.o
  CC      net/sunrpc/auth.o
  CC      net/core/page_pool.o
  CC      drivers/clk/sunxi/clk-a10-codec.o
  CC      drivers/clk/sunxi/clk-a10-hosc.o
  CC      net/ethtool/module.o
  AR      lib/lz4/built-in.a
  CC      lib/zstd/zstd_decompress_module.o
  CC      fs/proc/proc_tty.o
  CC      fs/kernfs/inode.o
  CC      drivers/clk/sunxi/clk-a10-mod1.o
  CC      lib/zstd/decompress/huf_decompress.o
  CC      drivers/clk/sunxi/clk-a10-pll2.o
  CC      fs/proc/cmdline.o
  CC      net/sunrpc/auth_null.o
  CC      kernel/cgroup/rstat.o
  CC      fs/kernfs/dir.o
  CC      drivers/clk/sunxi/clk-a10-ve.o
  CC      net/wireless/reg.o
  CC      fs/proc/consoles.o
  CC      net/ethtool/cmis_fw_update.o
  CC      net/core/page_pool_user.o
  CC      drivers/clk/sunxi/clk-a20-gmac.o
  CC      kernel/cgroup/namespace.o
  CC      fs/proc/cpuinfo.o
  CC      lib/zstd/decompress/zstd_ddict.o
  CC      drivers/clk/sunxi/clk-mod0.o
  CC      net/sunrpc/auth_tls.o
  CC      lib/zstd/decompress/zstd_decompress.o
  CC      kernel/cgroup/cgroup-v1.o
  CC      drivers/clk/sunxi/clk-simple-gates.o
  CC      fs/proc/devices.o
  CC      net/ethtool/cmis_cdb.o
  CC      fs/kernfs/file.o
  CC      drivers/clk/sunxi/clk-sun4i-display.o
  CC      net/core/net-procfs.o
  CC      net/sunrpc/auth_unix.o
  CC      fs/proc/interrupts.o
  CC      drivers/clk/sunxi/clk-sun4i-pll3.o
  CC      lib/zstd/decompress/zstd_decompress_block.o
  CC      fs/proc/loadavg.o
  CC      drivers/clk/sunxi/clk-sun4i-tcon-ch1.o
  CC      kernel/cgroup/freezer.o
  CC      net/ethtool/pse-pd.o
  CC      net/ipv4/tcp_output.o
  CC      fs/kernfs/symlink.o
  CC      net/core/selftests.o
  CC      net/sunrpc/svc.o
  CC      fs/proc/meminfo.o
  CC      drivers/clk/sunxi/clk-sun8i-bus-gates.o
  CC      net/wireless/scan.o
  AR      kernel/cgroup/built-in.a
  CC      kernel/utsname.o
  CC      drivers/clk/sunxi/clk-sun8i-mbus.o
  AR      fs/kernfs/built-in.a
  CC      fs/proc/stat.o
  CC      net/ethtool/plca.o
  CC      fs/sysfs/file.o
  CC      kernel/pid_namespace.o
  CC      drivers/clk/sunxi/clk-sun9i-core.o
  CC      net/sunrpc/svcsock.o
  CC      net/core/ptp_classifier.o
  CC      fs/proc/uptime.o
  CC      drivers/clk/sunxi/clk-sun9i-mmc.o
  CC      fs/sysfs/dir.o
  CC      net/ethtool/phy.o
  UPD     kernel/config_data
  CC      kernel/stop_machine.o
  CC      lib/zstd/zstd_common_module.o
  CC      drivers/clk/sunxi/clk-usb.o
  CC      fs/proc/util.o
  CC      fs/sysfs/symlink.o
  CC      lib/zstd/common/debug.o
  CC      lib/zstd/common/entropy_common.o
  CC      net/core/of_net.o
  CC      drivers/clk/sunxi/clk-sun8i-apb0.o
  CC      fs/proc/version.o
  CC      lib/zstd/common/error_private.o
  CC      lib/zstd/common/fse_decompress.o
  CC      kernel/seccomp.o
  CC      fs/sysfs/mount.o
  CC      net/sunrpc/svcauth.o
  CC      net/ethtool/tsconfig.o
  CC      drivers/clk/sunxi/clk-sun9i-cpus.o
  CC      fs/proc/softirqs.o
  CC      lib/zstd/common/zstd_common.o
  AR      lib/zstd/built-in.a
  CC      lib/xz/xz_dec_syms.o
  CC      net/wireless/nl80211.o
  CC      net/core/devmem.o
  CC      drivers/clk/sunxi/clk-sun6i-apb0.o
  CC      lib/xz/xz_dec_stream.o
  CC      fs/sysfs/group.o
  CC      net/ipv4/tcp_timer.o
  CC      drivers/clk/sunxi/clk-sun6i-apb0-gates.o
  CC      fs/proc/namespaces.o
  CC      net/sunrpc/svcauth_unix.o
  CC      lib/xz/xz_dec_lzma2.o
  AR      net/ethtool/built-in.a
  CC      lib/xz/xz_dec_bcj.o
  CC      drivers/clk/sunxi/clk-sun6i-ar100.o
  AR      fs/sysfs/built-in.a
  CC      fs/devpts/inode.o
  AR      drivers/clk/sunxi/built-in.a
  CC      drivers/clk/sunxi-ng/ccu_common.o
  AR      drivers/clk/ti/built-in.a
  CC      kernel/utsname_sysctl.o
  CC      fs/proc/self.o
  AR      lib/xz/built-in.a
  AR      drivers/soc/apple/built-in.a
  CC      lib/percpu_counter.o
  AR      drivers/soc/aspeed/built-in.a
  AR      drivers/soc/bcm/built-in.a
  AR      drivers/soc/fsl/built-in.a
  AR      net/core/built-in.a
  CC      lib/syscall.o
  AR      drivers/soc/fujitsu/built-in.a
  AR      drivers/soc/hisilicon/built-in.a
  AR      drivers/soc/imx/built-in.a
  AR      drivers/soc/ixp4xx/built-in.a
  AR      drivers/soc/loongson/built-in.a
  AR      drivers/soc/mediatek/built-in.a
  AR      drivers/soc/microchip/built-in.a
  AR      drivers/soc/nuvoton/built-in.a
  AR      drivers/soc/pxa/built-in.a
  AR      drivers/soc/amlogic/built-in.a
  CC      kernel/irq_work.o
  CC      drivers/clk/sunxi-ng/ccu_mmc_timing.o
  AR      drivers/soc/qcom/built-in.a
  AR      drivers/soc/renesas/built-in.a
  AR      drivers/soc/rockchip/built-in.a
  AR      drivers/soc/sophgo/built-in.a
  CC      drivers/soc/sunxi/sunxi_mbus.o
  CC      fs/proc/thread_self.o
  CC      drivers/clk/sunxi-ng/ccu_reset.o
  CC      drivers/soc/sunxi/sunxi_sram.o
  CC      kernel/cpu_pm.o
  CC      lib/errname.o
  AR      drivers/soc/ti/built-in.a
  CC      lib/nlattr.o
  AR      fs/devpts/built-in.a
  CC      net/ipv4/tcp_ipv4.o
  CC      net/ipv4/tcp_minisocks.o
  AR      drivers/clk/versatile/built-in.a
  CC      fs/ext4/balloc.o
  CC      drivers/clk/sunxi-ng/ccu_div.o
  CC      net/sunrpc/addr.o
  CC      kernel/bpf/core.o
  CC      fs/proc/proc_sysctl.o
  CC      drivers/clk/sunxi-ng/ccu_frac.o
  AR      drivers/soc/sunxi/built-in.a
  AR      drivers/soc/versatile/built-in.a
  AR      drivers/soc/vt8500/built-in.a
  AR      drivers/soc/xilinx/built-in.a
  AR      drivers/soc/built-in.a
  CC      drivers/clk/sunxi-ng/ccu_gate.o
  CC      net/sunrpc/rpcb_clnt.o
  CC      lib/cpu_rmap.o
  CC      drivers/clk/sunxi-ng/ccu_mux.o
  CC      fs/ext4/bitmap.o
  CC      net/mac80211/main.o
  CC      drivers/clk/sunxi-ng/ccu_mult.o
  CC      lib/dynamic_queue_limits.o
  CC      lib/glob.o
  CC      fs/ext4/block_validity.o
  CC      drivers/clk/sunxi-ng/ccu_phase.o
  CC      drivers/clk/sunxi-ng/ccu_sdm.o
  AR      drivers/clk/xilinx/built-in.a
  CC      drivers/clk/sunxi-ng/ccu_nk.o
  CC      net/sunrpc/timer.o
  CC      fs/proc/proc_net.o
  CC      lib/dim/dim.o
  CC      net/ipv4/tcp_cong.o
  CC      fs/ext4/dir.o
  CC      drivers/clk/sunxi-ng/ccu_nkm.o
  CC      drivers/clk/sunxi-ng/ccu_nkmp.o
  CC      lib/dim/net_dim.o
  CC      lib/dim/rdma_dim.o
  CC      fs/proc/kmsg.o
  CC      drivers/clk/sunxi-ng/ccu_nm.o
  AR      kernel/bpf/built-in.a
  CC      kernel/events/core.o
  CC      net/sunrpc/xdr.o
  CC      net/mac80211/status.o
  CC      kernel/events/ring_buffer.o
  CC      fs/proc/page.o
  CC      drivers/clk/sunxi-ng/ccu_mp.o
  CC      fs/ext4/ext4_jbd2.o
  CC      net/ipv4/tcp_metrics.o
  AR      lib/dim/built-in.a
  CC      lib/strncpy_from_user.o
  AR      fs/proc/built-in.a
  CC      net/ipv4/tcp_fastopen.o
  CC      drivers/clk/sunxi-ng/ccu-sun20i-d1.o
  CC      lib/strnlen_user.o
  CC      drivers/clk/sunxi-ng/ccu-sun20i-d1-r.o
  CC      fs/ext4/extents.o
  CC      fs/ext4/extents_status.o
  CC      lib/net_utils.o
  CC      drivers/clk/sunxi-ng/ccu-sun4i-a10.o
  CC      net/mac80211/driver-ops.o
  CC      drivers/clk/sunxi-ng/ccu-sun5i.o
  CC      net/sunrpc/sunrpc_syms.o
  CC      fs/ext4/file.o
  CC      drivers/clk/sunxi-ng/ccu-sun6i-a31.o
  CC      lib/sg_pool.o
  CC      net/ipv4/tcp_rate.o
  CC      drivers/clk/sunxi-ng/ccu-sun6i-rtc.o
  CC      lib/stackdepot.o
  CC      lib/asn1_decoder.o
  CC      drivers/clk/sunxi-ng/ccu-sun8i-a23.o
  CC      net/sunrpc/cache.o
  CC      drivers/clk/sunxi-ng/ccu-sun8i-a33.o
  CC      net/mac80211/sta_info.o
  CC      net/mac80211/wep.o
  CC      fs/jbd2/transaction.o
  CC      net/ipv4/tcp_recovery.o
  GEN     lib/oid_registry_data.c
  CC      lib/sbitmap.o
  CC      drivers/clk/sunxi-ng/ccu-sun8i-a83t.o
  CC      drivers/clk/sunxi-ng/ccu-sun8i-h3.o
  CC      net/ipv4/tcp_ulp.o
  AR      drivers/virtio/built-in.a
  CC      fs/jbd2/commit.o
  CC      drivers/clk/sunxi-ng/ccu-sun8i-r40.o
  CC      lib/group_cpus.o
  CC      drivers/clk/sunxi-ng/ccu-sun8i-v3s.o
  CC      fs/ext4/fsmap.o
  CC      kernel/context_tracking.o
  CC      net/sunrpc/rpc_pipe.o
  CC      lib/devmem_is_allowed.o
  CC      drivers/clk/sunxi-ng/ccu-sun8i-de2.o
  CC      net/ipv4/tcp_offload.o
  CC      drivers/clk/sunxi-ng/ccu-sun8i-r.o
  AR      lib/lib.a
  GEN     lib/crc32table.h
  CC      lib/oid_registry.o
  CC      fs/jbd2/recovery.o
  CC      drivers/regulator/core.o
  CC      net/mac80211/aead_api.o
  CC      drivers/clk/sunxi-ng/ccu-sun9i-a80.o
  CC      fs/ext4/fsync.o
  CC      lib/crc32.o
  CC      drivers/clk/sunxi-ng/ccu-sun9i-a80-de.o
  CC      net/sunrpc/sysfs.o
  CC      net/mac80211/wpa.o
  AR      lib/built-in.a
  CC      net/mac80211/scan.o
  CC      net/wireless/mlme.o
  CC      drivers/clk/sunxi-ng/ccu-sun9i-a80-usb.o
  CC      fs/jbd2/checkpoint.o
  CC      fs/ext4/hash.o
  AR      drivers/clk/sunxi-ng/built-in.a
  AR      drivers/clk/built-in.a
  CC      fs/jbd2/revoke.o
  CC      net/ipv4/tcp_plb.o
  CC      kernel/events/callchain.o
  CC      fs/squashfs/block.o
  CC      fs/ext4/ialloc.o
  CC      net/sunrpc/svc_xprt.o
  CC      kernel/iomem.o
  CC      fs/jbd2/journal.o
  CC      net/mac80211/offchannel.o
  CC      kernel/events/hw_breakpoint.o
  CC      net/ipv4/datagram.o
  CC      net/wireless/ibss.o
  CC      fs/squashfs/cache.o
  CC      fs/squashfs/dir.o
  CC      fs/ext4/indirect.o
  CC      fs/ext4/inline.o
  CC      net/mac80211/ht.o
  CC      drivers/regulator/dummy.o
  CC      fs/squashfs/export.o
  CC      net/sunrpc/xprtmultipath.o
  CC      net/ipv4/raw.o
  AR      kernel/events/built-in.a
  CC      kernel/rseq.o
  CC      fs/squashfs/file.o
  CC      net/wireless/sme.o
  AR      fs/jbd2/built-in.a
  CC      net/ipv4/udp.o
  CC      drivers/regulator/fixed-helper.o
  CC      net/mac80211/agg-tx.o
  CC      net/mac80211/agg-rx.o
  GZIP    kernel/config_data.gz
  CC      kernel/configs.o
  CC      drivers/regulator/helpers.o
  CC      fs/squashfs/fragment.o
  CC      net/sunrpc/stats.o
  CC      fs/ext4/inode.o
  AR      kernel/built-in.a
  CC      net/sunrpc/sysctl.o
  CC      fs/squashfs/id.o
  CC      fs/squashfs/inode.o
  CC      net/sunrpc/auth_gss/auth_gss.o
  CC      net/wireless/chan.o
  CC      drivers/regulator/devres.o
  CC      net/wireless/ethtool.o
  CC      net/mac80211/vht.o
  CC      fs/squashfs/namei.o
  CC      fs/squashfs/super.o
  CC      fs/squashfs/symlink.o
  CC      net/rfkill/core.o
  CC      drivers/regulator/irq_helpers.o
  CC      drivers/regulator/of_regulator.o
  CC      net/wireless/mesh.o
  CC      drivers/regulator/fixed.o
  CC      fs/squashfs/decompressor.o
  CC      net/rfkill/input.o
  CC      fs/squashfs/page_actor.o
  CC      net/mac80211/he.o
  CC      net/sunrpc/auth_gss/gss_mech_switch.o
  CC      net/mac80211/s1g.o
  CC      net/ipv4/udplite.o
  CC      net/ipv4/udp_offload.o
  CC      fs/squashfs/file_cache.o
  CC      net/wireless/ap.o
  CC      drivers/regulator/axp20x-regulator.o
  CC      net/rfkill/rfkill-gpio.o
  CC      fs/squashfs/decompressor_single.o
  AR      net/rfkill/built-in.a
  CC      drivers/regulator/gpio-regulator.o
  CC      net/wireless/trace.o
  CC      net/mac80211/ibss.o
  CC      net/wireless/ocb.o
  CC      net/sunrpc/auth_gss/svcauth_gss.o
  CC      net/wireless/pmsr.o
  CC      net/wireless/of.o
  CC      fs/squashfs/xattr.o
  CC      drivers/regulator/sun20i-regulator.o
  CC      net/ipv4/arp.o
  CC      fs/ext4/ioctl.o
  CC      fs/squashfs/xattr_id.o
  CC      fs/ext4/mballoc.o
  CC      fs/squashfs/lz4_wrapper.o
  CC      fs/squashfs/xz_wrapper.o
  AR      drivers/regulator/built-in.a
  CC      drivers/reset/core.o
  CC      net/mac80211/iface.o
  CC      drivers/tty/tty_io.o
  CC      drivers/char/mem.o
  CC      net/wireless/wext-compat.o
  CC      fs/squashfs/zlib_wrapper.o
  CC      net/sunrpc/auth_gss/gss_rpc_upcall.o
  CC      net/sunrpc/auth_gss/gss_rpc_xdr.o
  AR      drivers/reset/amlogic/built-in.a
  AR      drivers/reset/hisilicon/built-in.a
  AR      fs/squashfs/built-in.a
  AR      drivers/reset/starfive/built-in.a
  AR      drivers/reset/sti/built-in.a
  AR      drivers/iommu/arm/arm-smmu/built-in.a
  AR      drivers/reset/tegra/built-in.a
  AR      drivers/iommu/arm/arm-smmu-v3/built-in.a
  CC      drivers/reset/reset-simple.o
  AR      drivers/iommu/arm/built-in.a
  CC      net/ipv4/icmp.o
  AR      drivers/iommu/iommufd/built-in.a
  AR      drivers/iommu/built-in.a
  CC      net/ipv4/devinet.o
  CC      drivers/char/random.o
  CC      drivers/char/misc.o
  CC      drivers/reset/reset-sunxi.o
  AR      drivers/reset/built-in.a
  AR      drivers/char/agp/built-in.a
  CC      drivers/tty/n_tty.o
  CC      drivers/tty/tty_ioctl.o
  CC      net/wireless/wext-sme.o
  CC      net/sunrpc/auth_gss/trace.o
  GEN     net/wireless/shipped-certs.c
  CC      drivers/tty/tty_ldisc.o
  CC      net/mac80211/link.o
  AR      drivers/char/built-in.a
  AR      drivers/gpu/host1x/built-in.a
  CC      drivers/gpu/drm/drm_atomic.o
  CC      drivers/gpu/drm/drm_atomic_uapi.o
  CC      drivers/gpu/drm/drm_auth.o
  CC      net/sunrpc/auth_gss/gss_krb5_mech.o
  CC      drivers/tty/tty_buffer.o
  AR      net/wireless/tests/built-in.a
  CC      net/wireless/wext-core.o
  CC      net/wireless/wext-proc.o
  CC      net/mac80211/rate.o
  CC      net/ipv4/af_inet.o
  CC      drivers/base/component.o
  CC      net/sunrpc/auth_gss/gss_krb5_seal.o
  CC      drivers/tty/tty_port.o
  CC      fs/ext4/migrate.o
  CC      drivers/tty/tty_mutex.o
  CC      net/sysctl_net.o
  CC      drivers/gpu/drm/drm_blend.o
  CC      net/wireless/shipped-certs.o
  CC      drivers/gpu/drm/drm_bridge.o
  CC      drivers/base/core.o
  CC      net/mac80211/michael.o
  CC      drivers/tty/tty_ldsem.o
  CC      net/sunrpc/auth_gss/gss_krb5_unseal.o
  CC      drivers/tty/tty_baudrate.o
  CC      fs/ext4/mmp.o
  AR      net/wireless/built-in.a
  CC      fs/ext4/move_extent.o
  AR      drivers/gpu/vga/built-in.a
  CC      fs/ramfs/inode.o
  CC      drivers/base/bus.o
  CC      net/mac80211/tkip.o
  CC      drivers/tty/tty_jobctrl.o
  CC      drivers/gpu/drm/drm_cache.o
  CC      net/ipv4/igmp.o
  CC      net/sunrpc/auth_gss/gss_krb5_wrap.o
  CC      drivers/gpu/drm/drm_color_mgmt.o
  CC      drivers/gpu/drm/drm_connector.o
  CC      fs/ramfs/file-mmu.o
  CC      fs/ext4/namei.o
  CC      drivers/tty/n_null.o
  CC      drivers/tty/pty.o
  CC      net/mac80211/aes_cmac.o
  AR      fs/ramfs/built-in.a
  CC      drivers/tty/vt/vt_ioctl.o
  CC      drivers/tty/vt/vc_screen.o
  CC      drivers/base/dd.o
  CC      net/sunrpc/auth_gss/gss_krb5_crypto.o
  CC      drivers/gpu/drm/drm_crtc.o
  CC      net/dns_resolver/dns_key.o
  CC      net/handshake/alert.o
  CC      net/mac80211/aes_gmac.o
  CC      fs/fat/cache.o
  CC      drivers/tty/vt/selection.o
  CC      net/dns_resolver/dns_query.o
  CC      net/ipv4/fib_frontend.o
  CC      drivers/base/syscore.o
  CC      net/mac80211/fils_aead.o
  CC      net/sunrpc/auth_gss/gss_krb5_keys.o
  CC      drivers/gpu/drm/drm_displayid.o
  CC      net/handshake/genl.o
  CC      drivers/tty/vt/keyboard.o
  AR      net/dns_resolver/built-in.a
  CC      net/handshake/netlink.o
  CC      fs/fat/dir.o
  CC      drivers/gpu/drm/drm_drv.o
  CC      drivers/base/driver.o
  CC      fs/ext4/page-io.o
  AR      net/sunrpc/auth_gss/built-in.a
  AR      net/sunrpc/built-in.a
  CC      drivers/block/loop.o
  CC      drivers/tty/serial/serial_core.o
  CC      drivers/base/class.o
  CC      net/mac80211/cfg.o
  CC      net/handshake/request.o
  CC      drivers/gpu/drm/drm_dumb_buffers.o
  CC      net/ipv4/fib_semantics.o
  CC      drivers/tty/vt/vt.o
  CC      drivers/base/platform.o
  CC      drivers/gpu/drm/drm_edid.o
  CC      fs/ext4/readpage.o
  CC      fs/fat/fatent.o
  CC      drivers/block/zram/zcomp.o
  CC      net/handshake/tlshd.o
  CC      drivers/block/zram/zram_drv.o
  CC      fs/ext4/resize.o
  CC      drivers/base/cpu.o
  CC      fs/fat/file.o
  CC      net/handshake/trace.o
  CC      net/ipv4/fib_trie.o
  CC      drivers/tty/serial/serial_base_bus.o
  CC      drivers/base/firmware.o
  CC      fs/fat/inode.o
  CC      drivers/block/zram/backend_lzorle.o
  CC      drivers/base/init.o
  CC      drivers/block/zram/backend_lzo.o
  CC      drivers/tty/serial/serial_ctrl.o
  CC      net/mac80211/ethtool.o
  CC      drivers/base/map.o
  AR      net/handshake/built-in.a
  CC      net/mac80211/rx.o
  AR      drivers/block/zram/built-in.a
  AR      drivers/block/built-in.a
  CC      net/mac80211/spectmgmt.o
  COPY    drivers/tty/vt/defkeymap.c
  CC      drivers/tty/vt/consolemap.o
  CC      drivers/gpu/drm/drm_eld.o
  CC      drivers/gpu/drm/drm_encoder.o
  CC      drivers/tty/serial/serial_port.o
  CC      fs/ext4/super.o
  CC      drivers/base/devres.o
  CC      fs/fat/misc.o
  CC      drivers/tty/serial/earlycon.o
  CC      drivers/gpu/drm/drm_file.o
  HOSTCC  drivers/tty/vt/conmakehash
  COPY    drivers/tty/vt/ucs_width_table.h
  CC      net/mac80211/tx.o
  CC      drivers/tty/serial/8250/8250_core.o
  CC      drivers/base/attribute_container.o
  COPY    drivers/tty/vt/ucs_recompose_table.h
  COPY    drivers/tty/vt/ucs_fallback_table.h
  CC      drivers/tty/vt/defkeymap.o
  CC      drivers/tty/serial/8250/8250_platform.o
  CONMK   drivers/tty/vt/consolemap_deftbl.c
  CC      drivers/tty/vt/ucs.o
  CC      net/ipv4/fib_notifier.o
  CC      fs/fat/nfs.o
  CC      drivers/tty/vt/consolemap_deftbl.o
  CC      drivers/base/transport_class.o
  AR      drivers/tty/vt/built-in.a
  CC      drivers/base/topology.o
  CC      net/mac80211/key.o
  CC      net/mac80211/util.o
  CC      drivers/gpu/drm/drm_fourcc.o
  CC      drivers/tty/serial/8250/8250_port.o
  CC      net/ipv4/inet_fragment.o
  CC      drivers/base/container.o
  CC      fs/fat/namei_vfat.o
  CC      drivers/gpu/drm/drm_framebuffer.o
  CC      drivers/base/property.o
  CC      net/ipv4/ping.o
  CC      net/mac80211/parse.o
  CC      drivers/base/cacheinfo.o
  CC      drivers/gpu/drm/drm_gem.o
  AR      fs/fat/built-in.a
  CC      drivers/tty/serial/serial_mctrl_gpio.o
  CC      fs/nfs/client.o
  CC      drivers/tty/serial/8250/8250_dma.o
  CC      fs/ext4/symlink.o
  AR      drivers/tty/ipwireless/built-in.a
  CC      drivers/base/swnode.o
  CC      net/ipv4/ip_tunnel_core.o
  CC      drivers/tty/serial/8250/8250_dwlib.o
  CC      drivers/tty/serial/8250/8250_pcilib.o
  CC      fs/ext4/sysfs.o
  CC      drivers/gpu/drm/drm_ioctl.o
  CC      net/ipv4/gre_offload.o
  CC      fs/nfs/dir.o
  CC      fs/exportfs/expfs.o
  CC      net/mac80211/wme.o
  CC      net/mac80211/chan.o
  CC      drivers/base/faux.o
  CC      fs/lockd/clntlock.o
  CC      drivers/tty/serial/8250/8250_early.o
  CC      drivers/gpu/drm/drm_lease.o
  CC      fs/ext4/xattr.o
  CC      drivers/base/devtmpfs.o
  AR      fs/exportfs/built-in.a
  CC      fs/ext4/xattr_hurd.o
  CC      drivers/tty/serial/8250/8250_dw.o
  CC      net/ipv4/metrics.o
  CC      fs/lockd/clntproc.o
  CC      drivers/gpu/drm/drm_managed.o
  CC      fs/lockd/clntxdr.o
  CC      fs/lockd/host.o
  CC      drivers/base/power/sysfs.o
  CC      drivers/tty/serial/8250/8250_exar.o
  CC      drivers/gpu/drm/drm_mm.o
  CC      drivers/misc/eeprom/eeprom_93cx6.o
  CC      net/ipv4/netlink.o
  CC      drivers/base/power/generic_ops.o
  CC      net/mac80211/trace.o
  CC      drivers/base/power/common.o
  CC      fs/lockd/svc.o
  CC      fs/nfs/file.o
  CC      fs/lockd/svclock.o
  AR      drivers/misc/eeprom/built-in.a
  AR      drivers/misc/cb710/built-in.a
  AR      drivers/misc/lis3lv02d/built-in.a
  AR      drivers/misc/cardreader/built-in.a
  AR      drivers/misc/keba/built-in.a
  AR      drivers/misc/amd-sbi/built-in.a
  AR      drivers/misc/built-in.a
  CC      fs/nfs/getroot.o
  CC      drivers/gpu/drm/drm_mode_config.o
  CC      drivers/tty/serial/8250/8250_fsl.o
  CC      fs/ext4/xattr_trusted.o
  CC      drivers/base/power/qos.o
  CC      net/ipv4/nexthop.o
  CC      net/mac80211/mlme.o
  CC      net/ipv4/udp_tunnel_stub.o
  CC      drivers/tty/serial/8250/8250_of.o
  CC      fs/ext4/xattr_user.o
  CC      fs/ext4/fast_commit.o
  CC      fs/nfs/inode.o
  CC      drivers/base/power/runtime.o
  CC      drivers/gpu/drm/drm_mode_object.o
  CC      fs/lockd/svcshare.o
  CC      drivers/base/firmware_loader/main.o
  CC      drivers/tty/serial/8250/8250_pci.o
  CC      drivers/base/power/wakeirq.o
  CC      drivers/gpu/drm/drm_modes.o
  CC      net/ipv4/sysctl_net_ipv4.o
  CC      fs/lockd/svcproc.o
  CC      drivers/base/power/main.o
  CC      fs/ext4/orphan.o
  CC      drivers/base/firmware_loader/builtin/main.o
  UPD     drivers/base/firmware_loader/builtin/rtlwifi/rtl8723bu_nic.bin.gen.S
  AS      drivers/base/firmware_loader/builtin/rtlwifi/rtl8723bu_nic.bin.gen.o
  AR      drivers/base/firmware_loader/builtin/built-in.a
  AR      drivers/base/firmware_loader/built-in.a
  CC      fs/lockd/svcsubs.o
  CC      fs/lockd/mon.o
  CC      fs/nls/nls_base.o
  CC      drivers/tty/serial/8250/8250_pericom.o
  CC      fs/nfs/super.o
  CC      net/ipv4/proc.o
  CC      drivers/gpu/drm/drm_modeset_lock.o
  AR      fs/ext4/built-in.a
  CC      fs/nls/nls_cp437.o
  CC      drivers/mfd/sun6i-prcm.o
  AR      drivers/tty/serial/8250/built-in.a
  AR      drivers/tty/serial/built-in.a
  AR      drivers/tty/built-in.a
  CC      fs/lockd/trace.o
  CC      fs/nls/nls_iso8859-1.o
  CC      drivers/mfd/mfd-core.o
  CC      drivers/mfd/ac100.o
  CC      drivers/base/power/wakeup.o
  CC      net/mac80211/tdls.o
  CC      drivers/gpu/drm/drm_plane.o
  AR      fs/nls/built-in.a
  CC      drivers/gpu/drm/drm_prime.o
  CC      drivers/gpu/drm/drm_print.o
  CC      fs/lockd/xdr.o
  CC      net/ipv4/ipconfig.o
  CC      drivers/mfd/axp20x.o
  CC      fs/nfs/io.o
  CC      drivers/gpu/drm/drm_property.o
  AR      drivers/nfc/built-in.a
  CC      fs/lockd/netlink.o
  CC      drivers/base/power/wakeup_stats.o
  CC      net/mac80211/ocb.o
  CC      drivers/gpu/drm/drm_rect.o
  CC      drivers/mfd/axp20x-i2c.o
  CC      fs/lockd/clnt4xdr.o
  CC      drivers/base/power/clock_ops.o
  CC      drivers/base/module.o
  CC      fs/nfs/direct.o
  CC      fs/nfs/pagelist.o
  CC      drivers/gpu/drm/drm_syncobj.o
  CC      drivers/gpu/drm/drm_sysfs.o
  CC      drivers/mfd/axp20x-rsb.o
  CC      net/ipv4/tcp_cubic.o
  AR      drivers/base/power/built-in.a
  CC      drivers/base/regmap/regmap.o
  CC      drivers/mfd/syscon.o
  AR      fs/unicode/built-in.a
  CC      fs/lockd/xdr4.o
  CC      drivers/base/regmap/regcache.o
  CC      drivers/base/regmap/regcache-rbtree.o
  AR      drivers/mfd/built-in.a
  CC      drivers/base/regmap/regcache-flat.o
  CC      net/mac80211/airtime.o
  CC      net/mac80211/eht.o
  CC      fs/nfs/read.o
  CC      fs/overlayfs/super.o
  AR      net/ipv4/built-in.a
  CC      fs/overlayfs/namei.o
  CC      fs/nfs/symlink.o
  CC      fs/lockd/svc4proc.o
  CC      drivers/gpu/drm/drm_trace_points.o
  CC      drivers/gpu/drm/drm_vblank.o
  CC      drivers/gpu/drm/drm_vblank_work.o
  CC      net/mac80211/pm.o
  CC      drivers/gpu/drm/drm_vma_manager.o
  CC      drivers/base/regmap/regcache-maple.o
  CC      fs/nfs/unlink.o
  CC      drivers/base/regmap/regmap-debugfs.o
  CC      fs/lockd/procfs.o
  AR      drivers/dax/hmem/built-in.a
  AR      drivers/dax/built-in.a
  CC      fs/nfs/write.o
  CC      fs/nfs/namespace.o
  CC      drivers/dma-buf/dma-buf.o
  CC      fs/overlayfs/util.o
  AR      drivers/cxl/core/built-in.a
  AR      drivers/cxl/built-in.a
  CC      fs/overlayfs/inode.o
  CC      drivers/base/regmap/regmap-i2c.o
  CC      drivers/gpu/drm/drm_writeback.o
  AR      fs/lockd/built-in.a
  AR      fs/hostfs/built-in.a
  CC      drivers/base/soc.o
  CC      net/mac80211/rc80211_minstrel_ht.o
  CC      fs/overlayfs/file.o
  CC      drivers/dma-buf/dma-fence.o
  CC      drivers/base/pinctrl.o
  CC      drivers/base/regmap/regmap-mmio.o
  CC      drivers/gpu/drm/drm_panel.o
  CC      drivers/gpu/drm/drm_of.o
  CC      drivers/gpu/drm/drm_pci.o
  CC      fs/overlayfs/dir.o
  AR      drivers/macintosh/built-in.a
  CC      drivers/base/arch_topology.o
  CC      drivers/dma-buf/dma-fence-array.o
  CC      drivers/base/regmap/regmap-irq.o
  CC      fs/nfs/mount_clnt.o
  CC      fs/debugfs/inode.o
  CC      fs/debugfs/file.o
  CC      drivers/gpu/drm/drm_debugfs.o
  CC      net/mac80211/wbrf.o
  CC      drivers/dma-buf/dma-fence-chain.o
  AR      net/mac80211/tests/built-in.a
  AR      drivers/base/test/built-in.a
  CC      fs/nfs/nfstrace.o
  CC      drivers/gpu/drm/drm_debugfs_crc.o
  AR      drivers/base/regmap/built-in.a
  AR      drivers/base/built-in.a
  CC      fs/overlayfs/readdir.o
  CC      drivers/dma-buf/dma-fence-unwrap.o
  CC      drivers/scsi/scsi.o
  CC      drivers/scsi/hosts.o
  CC      drivers/scsi/scsi_ioctl.o
  CC      drivers/gpu/drm/drm_panel_orientation_quirks.o
  AR      fs/debugfs/built-in.a
  CC      drivers/gpu/drm/drm_gem_dma_helper.o
  AR      net/mac80211/built-in.a
  AR      net/built-in.a
  CC      drivers/dma-buf/dma-resv.o
  CC      fs/nfs/export.o
  CC      fs/nfs/sysfs.o
  CC      drivers/scsi/scsicam.o
  CC      drivers/scsi/scsi_error.o
  CC      drivers/gpu/drm/drm_fb_dma_helper.o
  CC      fs/overlayfs/copy_up.o
  AR      drivers/nvme/common/built-in.a
  AR      drivers/nvme/host/built-in.a
  AR      drivers/nvme/target/built-in.a
  AR      drivers/nvme/built-in.a
  CC      drivers/dma-buf/sync_file.o
  CC      drivers/scsi/scsi_lib.o
  CC      drivers/gpu/drm/drm_gem_shmem_helper.o
  CC      fs/nfs/fs_context.o
  CC      fs/overlayfs/export.o
  CC      fs/overlayfs/params.o
  CC      drivers/spi/spi.o
  CC      drivers/spi/spi-sun4i.o
  AR      drivers/dma-buf/built-in.a
  CC      drivers/scsi/scsi_lib_dma.o
  CC      fs/overlayfs/xattrs.o
  CC      drivers/net/mii.o
  CC      drivers/gpu/drm/drm_atomic_helper.o
  CC      drivers/gpu/drm/drm_atomic_state_helper.o
  CC      drivers/gpu/drm/drm_bridge_helper.o
  CC      drivers/gpu/drm/drm_crtc_helper.o
  AR      fs/overlayfs/built-in.a
  AR      drivers/firewire/built-in.a
  CC      drivers/scsi/scsi_scan.o
  GEN     drivers/scsi/scsi_devinfo_tbl.c
  CC      fs/nfs/nfsroot.o
  CC      drivers/net/loopback.o
  CC      drivers/scsi/scsi_devinfo.o
  AR      drivers/cdrom/built-in.a
  CC      drivers/gpu/drm/drm_damage_helper.o
  CC      fs/nfs/sysctl.o
  CC      fs/nfs/nfs2super.o
  CC      drivers/scsi/scsi_sysctl.o
  CC      drivers/scsi/scsi_proc.o
  CC      drivers/net/phy/stubs.o
  CC      drivers/spi/spi-sun6i.o
  CC      fs/nfs/proc.o
  AR      drivers/auxdisplay/built-in.a
  AR      drivers/net/pse-pd/built-in.a
  CC      drivers/net/phy/mdio-boardinfo.o
  CC      fs/nfs/nfs2xdr.o
  CC      drivers/gpu/drm/drm_flip_work.o
  CC      drivers/scsi/scsi_debugfs.o
  CC      drivers/net/phy/mdio_bus.o
  CC      drivers/net/phy/mdio_device.o
  CC      drivers/scsi/scsi_trace.o
  CC      drivers/net/phy/phylink.o
  CC      drivers/gpu/drm/drm_format_helper.o
  CC      drivers/net/phy/phy.o
  AR      drivers/spi/built-in.a
  CC      drivers/gpu/drm/drm_gem_atomic_helper.o
  CC      drivers/net/mdio/fwnode_mdio.o
  CC      drivers/net/mdio/of_mdio.o
  CC      drivers/scsi/scsi_logging.o
  CC      drivers/usb/common/common.o
  CC      fs/nfs/nfs3super.o
  CC      drivers/net/pcs/pcs-xpcs.o
  CC      drivers/net/pcs/pcs-xpcs-plat.o
  CC      drivers/net/pcs/pcs-xpcs-nxp.o
  CC      drivers/gpu/drm/drm_gem_framebuffer_helper.o
  CC      drivers/net/mdio/mdio-sun4i.o
  CC      drivers/scsi/scsi_pm.o
  AR      drivers/usb/common/built-in.a
  CC      drivers/usb/core/usb.o
  CC      fs/nfs/nfs3client.o
  CC      drivers/scsi/scsi_bsg.o
  CC      drivers/net/phy/phy-c45.o
  CC      drivers/net/phy/phy-core.o
  CC      drivers/net/phy/phy_device.o
  CC      drivers/net/phy/linkmode.o
  CC      drivers/gpu/drm/drm_kms_helper_common.o
  CC      drivers/net/mdio/mdio-mux.o
  CC      drivers/net/pcs/pcs-xpcs-wx.o
  CC      drivers/scsi/scsi_common.o
  CC      drivers/gpu/drm/drm_modeset_helper.o
  CC      drivers/usb/core/hub.o
  CC      fs/nfs/nfs3proc.o
  CC      drivers/input/serio/serio.o
  AR      drivers/scsi/arm/built-in.a
  CC      drivers/scsi/sd.o
  AR      drivers/net/pcs/built-in.a
  CC      drivers/usb/phy/phy.o
  CC      drivers/usb/phy/of.o
  CC      drivers/usb/phy/phy-generic.o
  CC      drivers/net/mdio/mdio-mux-gpio.o
  CC      drivers/gpu/drm/drm_plane_helper.o
  CC      drivers/gpu/drm/drm_probe_helper.o
  CC      drivers/input/serio/serport.o
  CC      drivers/input/serio/libps2.o
  CC      drivers/input/input.o
  AR      drivers/usb/phy/built-in.a
  CC      drivers/usb/core/hcd.o
  CC      drivers/net/mdio/mdio-mux-mmioreg.o
  CC      fs/nfs/nfs3xdr.o
  CC      fs/nfs/nfs3acl.o
  CC      drivers/net/phy/phy_link_topology.o
  CC      drivers/input/serio/sun4i-ps2.o
  CC      drivers/gpu/drm/drm_self_refresh_helper.o
  CC      drivers/net/mdio/mdio-mux-multiplexer.o
  AR      drivers/input/serio/built-in.a
  CC      drivers/rtc/lib.o
  CC      drivers/net/phy/phy_package.o
  CC      drivers/net/phy/phy_caps.o
  CC      drivers/rtc/class.o
  CC      drivers/scsi/scsi_sysfs.o
  CC      drivers/gpu/drm/drm_simple_kms_helper.o
  CC      drivers/input/input-compat.o
  AR      drivers/net/mdio/built-in.a
  CC      drivers/input/input-mt.o
  CC      drivers/net/mhi_net.o
  CC      fs/nfs/nfs4proc.o
  CC      drivers/usb/host/pci-quirks.o
  CC      drivers/usb/core/urb.o
  CC      drivers/net/ethernet/allwinner/sun4i-emac.o
  CC      drivers/net/phy/mdio_bus_provider.o
  CC      drivers/rtc/interface.o
  CC      drivers/gpu/drm/bridge/panel.o
  CC      drivers/input/input-poller.o
  CC      drivers/usb/class/cdc-acm.o
  AR      drivers/scsi/built-in.a
  CC      drivers/usb/storage/scsiglue.o
  CC      drivers/usb/core/message.o
  CC      drivers/usb/host/ehci-hcd.o
  CC      drivers/input/ff-core.o
  AR      drivers/gpu/drm/tests/built-in.a
  CC      drivers/rtc/nvmem.o
  CC      drivers/gpu/drm/drm_mipi_dsi.o
  CC      drivers/net/phy/swphy.o
  AR      drivers/net/ethernet/allwinner/built-in.a
  CC      drivers/net/ethernet/realtek/r8169_main.o
  CC      drivers/usb/storage/protocol.o
  CC      drivers/rtc/dev.o
  CC      drivers/input/touchscreen.o
  CC      drivers/net/phy/mdio_devres.o
  CC      drivers/usb/class/cdc-wdm.o
  CC      drivers/usb/storage/transport.o
  CC      drivers/usb/core/driver.o
  CC      drivers/input/ff-memless.o
  AR      drivers/gpu/drm/arm/built-in.a
  AR      drivers/gpu/drm/clients/built-in.a
  CC      drivers/gpu/drm/display/drm_dp_aux_bus.o
  CC      drivers/rtc/rtc-ac100.o
  CC      drivers/net/phy/ax88796b.o
  CC      drivers/rtc/rtc-sun6i.o
  CC      drivers/input/vivaldi-fmap.o
  CC      drivers/gpu/drm/display/drm_display_helper_mod.o
  CC      drivers/usb/storage/usb.o
  CC      drivers/input/input-leds.o
  CC      drivers/gpu/drm/display/drm_dp_dual_mode_helper.o
  AR      drivers/usb/class/built-in.a
  CC      drivers/input/evdev.o
  CC      drivers/usb/core/config.o
  CC      drivers/net/phy/fixed_phy.o
  CC      drivers/rtc/rtc-sunxi.o
  CC      drivers/usb/core/file.o
  CC      drivers/gpu/drm/display/drm_dp_helper.o
  CC      drivers/usb/storage/initializers.o
  CC      fs/nfs/nfs4xdr.o
  CC      drivers/usb/storage/sierra_ms.o
  AR      drivers/rtc/built-in.a
  CC      drivers/gpu/drm/display/drm_dp_mst_topology.o
  AR      drivers/net/phy/mediatek/built-in.a
  CC      drivers/net/phy/micrel.o
  CC      drivers/usb/host/ehci-pci.o
  CC      drivers/usb/core/buffer.o
  CC      drivers/net/ethernet/realtek/r8169_firmware.o
  CC      drivers/input/keyboard/atkbd.o
  CC      drivers/gpu/drm/scheduler/sched_main.o
  CC      drivers/net/ethernet/realtek/r8169_phy_config.o
  CC      drivers/usb/storage/option_ms.o
  CC      drivers/usb/host/ehci-platform.o
  CC      drivers/usb/core/sysfs.o
  CC      drivers/usb/storage/usual-tables.o
  CC      drivers/input/keyboard/sun4i-lradc-keys.o
  AR      drivers/usb/storage/built-in.a
  CC      drivers/usb/host/ohci-hcd.o
  CC      drivers/gpu/drm/scheduler/sched_fence.o
  CC      drivers/net/ppp/ppp_generic.o
  CC      drivers/net/ethernet/stmicro/stmmac/stmmac_main.o
  CC      drivers/usb/core/endpoint.o
  CC      drivers/gpu/drm/scheduler/sched_entity.o
  AR      drivers/net/ethernet/realtek/built-in.a
  CC      fs/nfs/nfs4state.o
  AR      drivers/input/keyboard/built-in.a
  CC      drivers/input/touchscreen/sun4i-ts.o
  AR      drivers/net/phy/qcom/built-in.a
  CC      drivers/net/phy/realtek/realtek_main.o
  CC      drivers/usb/core/devio.o
  CC      drivers/usb/core/notify.o
  AR      drivers/gpu/drm/scheduler/built-in.a
  AR      drivers/input/touchscreen/built-in.a
  CC      drivers/net/ethernet/stmicro/stmmac/stmmac_ethtool.o
  CC      drivers/input/misc/axp20x-pek.o
  AR      drivers/gpu/drm/renesas/rcar-du/built-in.a
  AR      drivers/gpu/drm/renesas/rz-du/built-in.a
  AR      drivers/gpu/drm/renesas/built-in.a
  AR      drivers/gpu/drm/omapdrm/built-in.a
  CC      drivers/net/slip/slhc.o
  CC      drivers/gpu/drm/display/drm_hdmi_audio_helper.o
  AR      drivers/input/misc/built-in.a
  AR      drivers/input/built-in.a
  CC      drivers/gpu/drm/display/drm_hdmi_helper.o
  CC      drivers/usb/host/ohci-pci.o
  AR      drivers/net/phy/realtek/built-in.a
  CC      drivers/net/phy/smsc.o
  CC      drivers/gpu/drm/display/drm_scdc_helper.o
  CC      drivers/net/ethernet/stmicro/stmmac/stmmac_mdio.o
  CC      drivers/usb/core/generic.o
  CC      fs/nfs/nfs4renewd.o
  CC      drivers/net/ppp/ppp_async.o
  CC      drivers/usb/host/ohci-platform.o
  AR      drivers/net/slip/built-in.a
  CC      drivers/usb/core/quirks.o
  CC      drivers/gpu/drm/display/drm_hdmi_state_helper.o
  CC      drivers/i2c/i2c-boardinfo.o
  CC      drivers/usb/serial/usb-serial.o
  CC      drivers/usb/core/devices.o
  AR      drivers/net/phy/built-in.a
  CC      drivers/usb/core/phy.o
  AR      drivers/usb/host/built-in.a
  CC      drivers/usb/core/port.o
  AR      drivers/gpu/drm/display/built-in.a
  CC      drivers/gpu/drm/sun4i/sun4i_drv.o
  CC      fs/nfs/nfs4super.o
  CC      fs/nfs/nfs4file.o
  CC      drivers/i2c/i2c-core-base.o
  CC      drivers/net/ppp/bsd_comp.o
  AR      drivers/i3c/built-in.a
  CC      fs/nfs/delegation.o
  AR      drivers/usb/misc/built-in.a
  CC      drivers/net/wireless/realtek/rtl818x/rtl8180/dev.o
  CC      drivers/gpu/drm/sun4i/sun4i_framebuffer.o
  CC      drivers/usb/core/of.o
  CC      drivers/usb/musb/musb_core.o
  CC      drivers/usb/serial/generic.o
  CC      drivers/usb/serial/bus.o
  CC      drivers/net/ppp/ppp_deflate.o
  CC      drivers/usb/core/hcd-pci.o
  CC      drivers/gpu/drm/sun4i/sun4i_crtc.o
  CC      drivers/usb/musb/musb_trace.o
  CC      drivers/usb/serial/console.o
  CC      drivers/net/ethernet/stmicro/stmmac/ring_mode.o
  CC      drivers/net/ppp/ppp_mppe.o
  CC      drivers/gpu/drm/sun4i/sun4i_tcon_dclk.o
  CC      drivers/i2c/i2c-core-smbus.o
  AR      drivers/usb/core/built-in.a
  CC      drivers/net/ppp/ppp_synctty.o
  CC      drivers/net/wwan/wwan_core.o
  CC      drivers/usb/serial/ftdi_sio.o
  CC      fs/nfs/nfs4idmap.o
  CC      drivers/net/ethernet/stmicro/stmmac/chain_mode.o
  CC      drivers/net/ethernet/stmicro/stmmac/dwmac_lib.o
  CC      drivers/gpu/drm/sun4i/sun4i_lvds.o
  CC      drivers/net/wireless/realtek/rtl818x/rtl8180/rtl8225.o
  CC      drivers/usb/musb/musb_virthub.o
  CC      drivers/i2c/i2c-core-of.o
  CC      drivers/gpu/drm/sun4i/sun4i_tcon.o
  AR      drivers/net/ppp/built-in.a
  CC      drivers/net/wireless/realtek/rtl818x/rtl8180/sa2400.o
  CC      drivers/usb/serial/option.o
  CC      drivers/i2c/i2c-dev.o
  CC      drivers/i2c/i2c-mux.o
  CC      drivers/usb/musb/musb_host.o
  CC      drivers/net/ethernet/stmicro/stmmac/dwmac1000_core.o
  AR      drivers/net/wwan/built-in.a
  CC      drivers/net/ethernet/stmicro/stmmac/dwmac1000_dma.o
  CC      fs/nfs/callback.o
  CC      drivers/usb/serial/qcaux.o
  CC      drivers/net/usb/rtl8150.o
  CC      drivers/net/usb/r8152.o
  CC      drivers/net/wireless/realtek/rtl818x/rtl8180/max2820.o
  CC      drivers/gpu/drm/sun4i/sun4i_rgb.o
  CC      drivers/usb/serial/qcserial.o
  AR      drivers/i2c/algos/built-in.a
  CC      drivers/i2c/busses/i2c-mv64xxx.o
  CC      drivers/gpu/drm/sun4i/sun4i_tv.o
  CC      fs/nfs/callback_xdr.o
  CC      drivers/usb/musb/musb_gadget_ep0.o
  CC      drivers/net/ethernet/stmicro/stmmac/dwmac100_core.o
  CC      drivers/usb/serial/usb-serial-simple.o
  CC      drivers/usb/gadget/udc/core.o
  CC      drivers/net/wireless/realtek/rtl818x/rtl8180/grf5101.o
  AR      drivers/usb/gadget/function/built-in.a
  CC      drivers/net/wireless/realtek/rtl818x/rtl8187/dev.o
  CC      drivers/gpu/drm/sun4i/sun6i_drc.o
  CC      drivers/i2c/busses/i2c-sun6i-p2wi.o
  CC      drivers/usb/serial/usb_wwan.o
  CC      drivers/gpu/drm/sun4i/sun4i_backend.o
  CC      drivers/usb/musb/musb_gadget.o
  CC      drivers/net/ethernet/stmicro/stmmac/dwmac100_dma.o
  CC      drivers/usb/gadget/udc/trace.o
  CC      fs/nfs/callback_proc.o
  AR      drivers/i2c/busses/built-in.a
  CC      drivers/net/wireless/realtek/rtl818x/rtl8180/rtl8225se.o
  AR      drivers/i2c/muxes/built-in.a
  AR      drivers/i2c/built-in.a
  CC      fs/nfs/nfs4namespace.o
  AR      drivers/usb/serial/built-in.a
  CC      drivers/net/wireless/realtek/rtl818x/rtl8187/rtl8225.o
  AR      drivers/usb/gadget/udc/built-in.a
  AR      drivers/usb/gadget/legacy/built-in.a
  AR      drivers/usb/gadget/built-in.a
  CC      drivers/net/wireless/realtek/rtl818x/rtl8187/leds.o
  CC      fs/nfs/nfs4getroot.o
  AR      drivers/net/wireless/virtual/built-in.a
  CC      fs/nfs/nfs4client.o
  CC      drivers/gpu/drm/sun4i/sun4i_layer.o
  CC      drivers/net/ethernet/stmicro/stmmac/enh_desc.o
  CC      drivers/gpu/drm/sun4i/sun4i_frontend.o
  CC      drivers/usb/musb/musb_debugfs.o
  CC      drivers/gpu/drm/sun4i/sun4i_hdmi_ddc_clk.o
  AR      drivers/net/wireless/realtek/rtl818x/rtl8180/built-in.a
  CC      drivers/gpu/drm/sun4i/sun4i_hdmi_enc.o
  CC      drivers/gpu/drm/sun4i/sun4i_hdmi_i2c.o
  CC      drivers/net/usb/asix_devices.o
  CC      fs/nfs/nfs4session.o
  CC      drivers/net/ethernet/stmicro/stmmac/norm_desc.o
  CC      drivers/net/wireless/realtek/rtl818x/rtl8187/rfkill.o
  CC      drivers/usb/musb/sunxi.o
  CC      drivers/net/ethernet/stmicro/stmmac/mmc_core.o
  CC      drivers/net/ethernet/stmicro/stmmac/stmmac_hwtstamp.o
  CC      drivers/net/ethernet/stmicro/stmmac/stmmac_ptp.o
  CC      drivers/gpu/drm/sun4i/sun4i_hdmi_tmds_clk.o
  CC      fs/nfs/dns_resolve.o
  AR      drivers/net/wireless/realtek/rtl818x/rtl8187/built-in.a
  CC      drivers/net/usb/asix_common.o
  AR      drivers/net/wireless/realtek/rtl818x/built-in.a
  CC      drivers/net/wireless/realtek/rtl8xxxu/core.o
  AR      drivers/usb/musb/built-in.a
  AR      drivers/usb/built-in.a
  AR      drivers/media/i2c/built-in.a
  AR      drivers/media/tuners/built-in.a
  AR      drivers/gpu/drm/tilcdc/built-in.a
  CC      drivers/net/ethernet/stmicro/stmmac/dwmac4_descs.o
  CC      drivers/media/rc/keymaps/rc-adstech-dvb-t-pci.o
  CC      drivers/pps/pps.o
  CC      drivers/gpu/drm/sun4i/sun6i_mipi_dsi.o
  CC      drivers/net/usb/ax88172a.o
  CC      drivers/media/rc/keymaps/rc-alink-dtu-m.o
  CC      fs/nfs/nfs4trace.o
  CC      drivers/media/cec/core/cec-core.o
  CC      drivers/pps/kapi.o
  CC      drivers/pps/sysfs.o
  CC      drivers/media/rc/keymaps/rc-anysee.o
  CC      drivers/net/ethernet/stmicro/stmmac/dwmac4_dma.o
  CC      drivers/media/rc/keymaps/rc-apac-viewcomp.o
  AR      drivers/net/wireless/realtek/rtw88/built-in.a
  AR      drivers/gpu/drm/imx/built-in.a
  CC      drivers/media/rc/rc-main.o
  AR      drivers/pps/clients/built-in.a
  AR      drivers/pps/built-in.a
  CC      drivers/media/rc/rc-ir-raw.o
  CC      drivers/net/usb/ax88179_178a.o
  CC      drivers/gpu/drm/sun4i/sun8i_dw_hdmi.o
  CC      drivers/gpu/drm/sun4i/sun8i_hdmi_phy.o
  CC      drivers/media/cec/core/cec-adap.o
  CC      drivers/media/rc/keymaps/rc-astrometa-t2hybrid.o
  CC      fs/nfs/nfs4sysctl.o
  CC      drivers/net/ethernet/stmicro/stmmac/dwmac4_lib.o
  CC      drivers/media/rc/keymaps/rc-asus-pc39.o
  CC      drivers/media/rc/keymaps/rc-asus-ps3-100.o
  CC      drivers/gpu/drm/sun4i/sun8i_hdmi_phy_clk.o
  CC      drivers/gpu/drm/sun4i/sun8i_mixer.o
  CC      drivers/media/rc/keymaps/rc-ati-tv-wonder-hd-600.o
  CC      drivers/net/usb/cdc_ether.o
  CC      drivers/gpu/drm/sun4i/sun8i_ui_layer.o
  CC      drivers/gpu/drm/sun4i/sun8i_vi_layer.o
  AR      fs/nfs/built-in.a
  AR      fs/built-in.a
  CC      drivers/media/rc/keymaps/rc-ati-x10.o
  CC      drivers/gpu/drm/panel/panel-lvds.o
  CC      drivers/gpu/drm/panel/panel-simple.o
  CC      drivers/net/ethernet/stmicro/stmmac/dwmac4_core.o
  AR      drivers/media/cec/i2c/built-in.a
  CC      drivers/net/wireless/realtek/rtl8xxxu/8192e.o
  CC      drivers/media/rc/keymaps/rc-avermedia-a16d.o
  AR      drivers/net/wireless/realtek/rtw89/built-in.a
  AR      drivers/media/common/b2c2/built-in.a
  CC      drivers/net/usb/dm9601.o
  AR      drivers/media/common/saa7146/built-in.a
  CC      drivers/media/cec/core/cec-api.o
  AR      drivers/media/common/siano/built-in.a
  AR      drivers/media/common/v4l2-tpg/built-in.a
  AR      drivers/media/common/videobuf2/built-in.a
  AR      drivers/media/common/built-in.a
  CC      drivers/gpu/drm/sun4i/sun8i_ui_scaler.o
  CC      drivers/gpu/drm/bridge/simple-bridge.o
  CC      drivers/media/rc/keymaps/rc-avermedia-cardbus.o
  CC      drivers/media/rc/keymaps/rc-avermedia-dvbt.o
  CC      drivers/ptp/ptp_clock.o
  CC      drivers/media/rc/keymaps/rc-avermedia-m135a.o
  CC      drivers/gpu/drm/sun4i/sun8i_vi_scaler.o
  CC      drivers/gpu/drm/panel/panel-edp.o
  CC      drivers/media/cec/core/cec-pin.o
  CC      drivers/ptp/ptp_chardev.o
  AR      drivers/gpu/drm/bridge/analogix/built-in.a
  AR      drivers/gpu/drm/bridge/cadence/built-in.a
  AR      drivers/gpu/drm/bridge/imx/built-in.a
  CC      drivers/gpu/drm/bridge/synopsys/dw-hdmi.o
  CC      drivers/net/usb/sr9700.o
  CC      drivers/media/rc/keymaps/rc-avermedia-m733a-rm-k6.o
  CC      drivers/net/ethernet/stmicro/stmmac/dwmac5.o
  CC      drivers/net/wireless/realtek/rtl8xxxu/8723b.o
  CC      drivers/gpu/drm/sun4i/sun8i_csc.o
  CC      drivers/media/rc/keymaps/rc-avermedia.o
  AR      drivers/media/cec/core/built-in.a
  AR      drivers/media/cec/platform/meson/built-in.a
  AR      drivers/media/cec/platform/built-in.a
  AR      drivers/media/cec/usb/built-in.a
  AR      drivers/media/cec/built-in.a
  CC      drivers/media/rc/keymaps/rc-avermedia-rm-ks.o
  CC      drivers/ptp/ptp_sysfs.o
  CC      drivers/gpu/drm/sun4i/sun8i_tcon_top.o
  CC      drivers/net/ethernet/stmicro/stmmac/hwif.o
  AR      drivers/gpu/drm/panel/built-in.a
  CC      drivers/net/usb/sr9800.o
  CC      drivers/power/supply/power_supply_core.o
  CC      drivers/hwmon/hwmon.o
  CC      drivers/media/rc/keymaps/rc-avertv-303.o
  AR      drivers/gpu/drm/sun4i/built-in.a
  CC      drivers/media/rc/keymaps/rc-azurewave-ad-tu700.o
  AR      drivers/gpu/drm/hisilicon/built-in.a
  CC      drivers/net/ethernet/stmicro/stmmac/stmmac_tc.o
  CC      drivers/net/ethernet/stmicro/stmmac/dwxgmac2_core.o
  CC      drivers/net/wireless/realtek/rtl8xxxu/8723a.o
  CC      drivers/ptp/ptp_vclock.o
  CC      drivers/media/rc/keymaps/rc-beelink-gs1.o
  CC      drivers/net/usb/smsc75xx.o
  AR      drivers/media/platform/allegro-dvt/built-in.a
  AR      drivers/media/platform/amlogic/c3/isp/built-in.a
  AR      drivers/media/platform/amlogic/c3/mipi-adapter/built-in.a
  AR      drivers/media/platform/amlogic/c3/mipi-csi2/built-in.a
  AR      drivers/media/platform/amlogic/c3/built-in.a
  AR      drivers/media/platform/amlogic/meson-ge2d/built-in.a
  AR      drivers/media/platform/amlogic/built-in.a
  AR      drivers/gpu/drm/bridge/synopsys/built-in.a
  AR      drivers/media/platform/amphion/built-in.a
  AR      drivers/gpu/drm/bridge/built-in.a
  AR      drivers/media/platform/aspeed/built-in.a
  AR      drivers/media/platform/atmel/built-in.a
  AR      drivers/gpu/drm/mxsfb/built-in.a
  AR      drivers/media/platform/broadcom/built-in.a
  AR      drivers/gpu/drm/sysfb/built-in.a
  AR      drivers/media/platform/cadence/built-in.a
  AR      drivers/gpu/drm/tiny/built-in.a
  CC      drivers/gpu/drm/lima/lima_drv.o
  AR      drivers/media/platform/chips-media/coda/built-in.a
  AR      drivers/media/platform/chips-media/wave5/built-in.a
  AR      drivers/media/platform/chips-media/built-in.a
  AR      drivers/hwmon/built-in.a
  CC      drivers/gpu/drm/lima/lima_device.o
  AR      drivers/media/platform/imagination/built-in.a
  AR      drivers/media/platform/intel/built-in.a
  CC      drivers/power/supply/power_supply_sysfs.o
  AR      drivers/media/platform/marvell/built-in.a
  AR      drivers/media/platform/mediatek/jpeg/built-in.a
  AR      drivers/media/platform/mediatek/mdp/built-in.a
  AR      drivers/media/platform/mediatek/vcodec/common/built-in.a
  AR      drivers/media/platform/mediatek/vcodec/encoder/built-in.a
  AR      drivers/media/platform/mediatek/vcodec/decoder/built-in.a
  AR      drivers/media/platform/mediatek/vcodec/built-in.a
  AR      drivers/media/platform/mediatek/vpu/built-in.a
  AR      drivers/media/platform/mediatek/mdp3/built-in.a
  CC      drivers/media/rc/keymaps/rc-beelink-mxiii.o
  AR      drivers/media/platform/mediatek/built-in.a
  AR      drivers/media/platform/microchip/built-in.a
  AR      drivers/media/platform/nuvoton/built-in.a
  AR      drivers/media/platform/nvidia/tegra-vde/built-in.a
  CC      drivers/ptp/ptp_kvm_arm.o
  AR      drivers/media/platform/nvidia/built-in.a
  AR      drivers/media/platform/nxp/dw100/built-in.a
  AR      drivers/media/platform/nxp/imx-jpeg/built-in.a
  AR      drivers/media/platform/nxp/imx8-isi/built-in.a
  AR      drivers/media/platform/nxp/built-in.a
  AR      drivers/media/platform/qcom/camss/built-in.a
  AR      drivers/media/platform/qcom/iris/built-in.a
  AR      drivers/media/platform/qcom/venus/built-in.a
  AR      drivers/media/platform/qcom/built-in.a
  AR      drivers/media/platform/raspberrypi/pisp_be/built-in.a
  AR      drivers/media/platform/raspberrypi/rp1-cfe/built-in.a
  AR      drivers/media/platform/raspberrypi/built-in.a
  CC      drivers/net/wireless/realtek/rtl8xxxu/8192c.o
  AR      drivers/media/platform/renesas/rcar-isp/built-in.a
  AR      drivers/media/platform/renesas/rcar-vin/built-in.a
  AR      drivers/media/platform/renesas/rzg2l-cru/built-in.a
  AR      drivers/media/platform/renesas/vsp1/built-in.a
  AR      drivers/media/platform/renesas/built-in.a
  AR      drivers/media/platform/rockchip/rga/built-in.a
  AR      drivers/media/platform/rockchip/rkisp1/built-in.a
  AR      drivers/media/platform/rockchip/built-in.a
  AR      drivers/media/platform/samsung/exynos-gsc/built-in.a
  AR      drivers/media/platform/samsung/exynos4-is/built-in.a
  AR      drivers/media/platform/samsung/s3c-camif/built-in.a
  AR      drivers/media/platform/samsung/s5p-g2d/built-in.a
  CC      drivers/ptp/ptp_kvm_common.o
  AR      drivers/media/platform/samsung/s5p-jpeg/built-in.a
  AR      drivers/media/platform/samsung/s5p-mfc/built-in.a
  AR      drivers/media/platform/samsung/built-in.a
  CC      drivers/power/supply/power_supply_leds.o
  AR      drivers/media/platform/st/sti/bdisp/built-in.a
  AR      drivers/media/platform/st/sti/c8sectpfe/built-in.a
  AR      drivers/media/platform/st/sti/delta/built-in.a
  AR      drivers/media/platform/sunxi/sun4i-csi/built-in.a
  CC      drivers/media/rc/keymaps/rc-behold-columbus.o
  AR      drivers/media/platform/st/sti/hva/built-in.a
  AR      drivers/media/platform/sunxi/sun6i-csi/built-in.a
  AR      drivers/media/platform/st/stm32/built-in.a
  AR      drivers/media/platform/st/built-in.a
  AR      drivers/media/platform/sunxi/sun6i-mipi-csi2/built-in.a
  AR      drivers/media/platform/sunxi/sun8i-a83t-mipi-csi2/built-in.a
  AR      drivers/media/platform/sunxi/sun8i-di/built-in.a
  AR      drivers/media/platform/sunxi/sun8i-rotate/built-in.a
  AR      drivers/media/platform/synopsys/hdmirx/built-in.a
  CC      drivers/gpu/drm/lima/lima_pmu.o
  AR      drivers/media/platform/synopsys/built-in.a
  AR      drivers/media/platform/sunxi/built-in.a
  CC      drivers/net/wireless/realtek/rtl8xxxu/8188f.o
  AR      drivers/media/platform/ti/am437x/built-in.a
  AR      drivers/media/platform/ti/cal/built-in.a
  AR      drivers/media/platform/ti/vpe/built-in.a
  AR      drivers/media/platform/ti/davinci/built-in.a
  AR      drivers/media/platform/ti/j721e-csi2rx/built-in.a
  AR      drivers/media/platform/ti/omap/built-in.a
  CC      drivers/net/wireless/realtek/rtl8xxxu/8188e.o
  AR      drivers/media/platform/ti/omap3isp/built-in.a
  AR      drivers/media/platform/ti/built-in.a
  AR      drivers/media/platform/verisilicon/built-in.a
  AR      drivers/media/platform/via/built-in.a
  AR      drivers/media/platform/xilinx/built-in.a
  AR      drivers/media/platform/built-in.a
  CC      drivers/net/ethernet/stmicro/stmmac/dwxgmac2_dma.o
  AR      drivers/media/pci/ttpci/built-in.a
  AR      drivers/media/pci/b2c2/built-in.a
  AR      drivers/media/pci/pluto2/built-in.a
  AR      drivers/media/pci/dm1105/built-in.a
  CC      drivers/power/supply/power_supply_hwmon.o
  AR      drivers/media/pci/pt1/built-in.a
  AR      drivers/media/pci/pt3/built-in.a
  AR      drivers/media/pci/mantis/built-in.a
  AR      drivers/media/pci/ngene/built-in.a
  AR      drivers/media/pci/ddbridge/built-in.a
  CC      drivers/media/rc/keymaps/rc-behold.o
  AR      drivers/media/pci/saa7146/built-in.a
  AR      drivers/media/pci/smipcie/built-in.a
  AR      drivers/media/pci/netup_unidvb/built-in.a
  CC      drivers/gpu/drm/lima/lima_l2_cache.o
  AR      drivers/media/pci/intel/ipu3/built-in.a
  AR      drivers/media/pci/intel/ivsc/built-in.a
  AR      drivers/media/pci/intel/built-in.a
  AR      drivers/ptp/built-in.a
  AR      drivers/media/pci/built-in.a
  CC      drivers/net/usb/smsc95xx.o
  AR      drivers/media/usb/b2c2/built-in.a
  CC      drivers/net/usb/gl620a.o
  AR      drivers/media/usb/dvb-usb/built-in.a
  AR      drivers/media/usb/dvb-usb-v2/built-in.a
  AR      drivers/media/usb/s2255/built-in.a
  AR      drivers/media/usb/siano/built-in.a
  AR      drivers/media/usb/ttusb-budget/built-in.a
  AR      drivers/media/usb/ttusb-dec/built-in.a
  AR      drivers/media/usb/built-in.a
  CC      drivers/net/ethernet/stmicro/stmmac/dwxgmac2_descs.o
  CC      drivers/net/ethernet/stmicro/stmmac/stmmac_xdp.o
  AR      drivers/power/supply/built-in.a
  AR      drivers/power/built-in.a
  CC      drivers/net/usb/net1080.o
  CC      drivers/gpu/drm/lima/lima_mmu.o
  CC      drivers/media/rc/keymaps/rc-budget-ci-old.o
  AR      drivers/gpu/drm/xlnx/built-in.a
  CC      drivers/net/wireless/realtek/rtl8xxxu/8710b.o
  AR      drivers/gpu/drm/gud/built-in.a
  CC      drivers/net/wireless/realtek/rtl8xxxu/8192f.o
  CC      drivers/media/rc/keymaps/rc-cinergy-1400.o
  CC      drivers/media/rc/keymaps/rc-cinergy.o
  CC      drivers/gpu/drm/lima/lima_gp.o
  CC      drivers/media/rc/keymaps/rc-ct-90405.o
  CC      drivers/media/rc/keymaps/rc-d680-dmb.o
  CC      drivers/net/ethernet/stmicro/stmmac/stmmac_est.o
  CC      drivers/media/rc/keymaps/rc-delock-61959.o
  AR      drivers/media/mmc/siano/built-in.a
  AR      drivers/media/mmc/built-in.a
  AR      drivers/gpu/drm/sitronix/built-in.a
  CC      drivers/thermal/thermal_core.o
  CC      drivers/watchdog/watchdog_core.o
  CC      drivers/opp/core.o
  CC      drivers/cpufreq/cpufreq.o
  CC      drivers/media/rc/keymaps/rc-dib0700-nec.o
  CC      drivers/net/usb/cdc_subset.o
  CC      drivers/gpu/drm/lima/lima_pp.o
  CC      drivers/net/usb/zaurus.o
  CC      drivers/net/ethernet/stmicro/stmmac/stmmac_fpe.o
  CC      drivers/media/rc/keymaps/rc-dib0700-rc5.o
  CC      drivers/gpu/drm/lima/lima_gem.o
  CC      drivers/watchdog/watchdog_dev.o
  AR      drivers/net/wireless/realtek/rtl8xxxu/built-in.a
  AR      drivers/net/wireless/realtek/built-in.a
  AR      drivers/net/wireless/built-in.a
  CC      drivers/watchdog/sunxi_wdt.o
  CC      drivers/net/usb/usbnet.o
  CC      drivers/net/ethernet/stmicro/stmmac/stmmac_vlan.o
  CC      drivers/media/rc/keymaps/rc-digitalnow-tinytwin.o
  CC      drivers/thermal/thermal_sysfs.o
  CC      drivers/net/usb/cdc_ncm.o
  AR      drivers/watchdog/built-in.a
  CC      drivers/thermal/thermal_trip.o
  CC      drivers/media/rc/keymaps/rc-digittrade.o
  CC      drivers/cpufreq/freq_table.o
  CC      drivers/gpu/drm/lima/lima_vm.o
  CC      drivers/gpu/drm/lima/lima_sched.o
  CC      drivers/gpu/drm/lima/lima_ctx.o
  CC      drivers/opp/cpu.o
  CC      drivers/cpufreq/cpufreq_performance.o
  CC      drivers/thermal/thermal_helpers.o
  CC      drivers/media/rc/keymaps/rc-dm1105-nec.o
  CC      drivers/net/ethernet/stmicro/stmmac/stmmac_platform.o
  CC      drivers/net/usb/qmi_wwan.o
  CC      drivers/cpufreq/cpufreq_governor_attr_set.o
  CC      drivers/cpufreq/cpufreq-dt.o
  CC      drivers/opp/of.o
  CC      drivers/thermal/thermal_thresholds.o
  CC      drivers/media/rc/keymaps/rc-dntv-live-dvb-t.o
  CC      drivers/gpu/drm/lima/lima_dlbu.o
  CC      drivers/media/rc/keymaps/rc-dntv-live-dvbt-pro.o
  CC      drivers/cpufreq/cpufreq-dt-platdev.o
  CC      drivers/gpu/drm/lima/lima_bcast.o
  CC      drivers/media/rc/keymaps/rc-dreambox.o
  CC      drivers/thermal/thermal_hwmon.o
  CC      drivers/gpu/drm/lima/lima_trace.o
  CC      drivers/gpu/drm/lima/lima_devfreq.o
  CC      drivers/opp/debugfs.o
  AR      drivers/cpufreq/built-in.a
  AR      drivers/media/firewire/built-in.a
  CC      drivers/net/ethernet/stmicro/stmmac/dwmac-sunxi.o
  CC      drivers/net/ethernet/stmicro/stmmac/dwmac-sun8i.o
  CC      drivers/net/ethernet/stmicro/stmmac/dwmac-generic.o
  CC      drivers/media/rc/keymaps/rc-dtt200u.o
  CC      drivers/thermal/thermal_of.o
  CC      drivers/net/usb/cdc_mbim.o
  CC      drivers/media/rc/sunxi-cir.o
  CC      drivers/thermal/gov_step_wise.o
  AR      drivers/gpu/drm/lima/built-in.a
  AR      drivers/gpu/drm/solomon/built-in.a
  AR      drivers/gpu/drm/built-in.a
  AR      drivers/opp/built-in.a
  CC      drivers/thermal/cpufreq_cooling.o
  AR      drivers/gpu/built-in.a
  AR      drivers/media/spi/built-in.a
  CC      drivers/net/usb/r8153_ecm.o
  CC      drivers/media/rc/keymaps/rc-dvbsky.o
  CC      drivers/media/rc/keymaps/rc-dvico-mce.o
  AR      drivers/thermal/broadcom/built-in.a
  CC      drivers/media/rc/keymaps/rc-dvico-portable.o
  AR      drivers/media/test-drivers/built-in.a
  CC      drivers/mmc/core/core.o
  CC      drivers/mmc/core/bus.o
  CC      drivers/thermal/sun8i_thermal.o
  AR      drivers/ufs/built-in.a
  CC      drivers/media/rc/keymaps/rc-em-terratec.o
  AR      drivers/thermal/renesas/built-in.a
  AR      drivers/thermal/samsung/built-in.a
  CC      drivers/media/rc/keymaps/rc-encore-enltv2.o
  AR      drivers/thermal/intel/built-in.a
  CC      drivers/mmc/core/host.o
  CC      drivers/mmc/host/sunxi-mmc.o
  AR      drivers/firmware/arm_ffa/built-in.a
  AR      drivers/firmware/arm_scmi/built-in.a
  AR      drivers/firmware/broadcom/built-in.a
  AR      drivers/firmware/cirrus/test/built-in.a
  AR      drivers/firmware/meson/built-in.a
  AR      drivers/firmware/cirrus/built-in.a
  AR      drivers/thermal/st/built-in.a
  AR      drivers/firmware/microchip/built-in.a
  AR      drivers/thermal/qcom/built-in.a
  CC      drivers/crypto/allwinner/sun4i-ss/sun4i-ss-core.o
  AR      drivers/net/usb/built-in.a
  AR      drivers/firmware/efi/built-in.a
  AR      drivers/thermal/tegra/built-in.a
  AR      drivers/thermal/mediatek/built-in.a
  AR      drivers/firmware/imx/built-in.a
  CC      drivers/mmc/core/mmc.o
  AR      drivers/thermal/built-in.a
  CC      drivers/firmware/psci/psci.o
  CC      drivers/mmc/core/mmc_ops.o
  AR      drivers/net/ethernet/stmicro/stmmac/built-in.a
  AR      drivers/net/ethernet/stmicro/built-in.a
  AR      drivers/net/ethernet/built-in.a
  AR      drivers/net/built-in.a
  CC      drivers/mmc/core/sd.o
  CC      drivers/media/rc/keymaps/rc-encore-enltv-fm53.o
  CC      drivers/media/rc/keymaps/rc-encore-enltv.o
  CC      drivers/media/rc/keymaps/rc-evga-indtube.o
  CC      drivers/mmc/core/sd_ops.o
  CC      drivers/mmc/core/sdio.o
  CC      drivers/crypto/allwinner/sun4i-ss/sun4i-ss-hash.o
  CC      drivers/media/rc/keymaps/rc-eztv.o
  AR      drivers/mmc/host/built-in.a
  CC      drivers/crypto/allwinner/sun4i-ss/sun4i-ss-cipher.o
  AR      drivers/firmware/psci/built-in.a
  AR      drivers/firmware/qcom/built-in.a
  AR      drivers/firmware/samsung/built-in.a
  CC      drivers/firmware/smccc/smccc.o
  AR      drivers/crypto/stm32/built-in.a
  CC      drivers/clocksource/timer-of.o
  CC      drivers/clocksource/timer-probe.o
  CC      drivers/firmware/smccc/kvm_guest.o
  CC      drivers/firmware/smccc/soc_id.o
  CC      drivers/media/rc/keymaps/rc-flydvb.o
  CC      drivers/media/rc/keymaps/rc-flyvideo.o
  CC      drivers/clocksource/mmio.o
  AR      drivers/crypto/inside-secure/eip93/built-in.a
  AR      drivers/firmware/tegra/built-in.a
  AR      drivers/crypto/inside-secure/built-in.a
  AR      drivers/firmware/xilinx/built-in.a
  CC      drivers/mmc/core/sdio_ops.o
  CC      drivers/clocksource/timer-sun4i.o
  AR      drivers/crypto/xilinx/built-in.a
  CC      drivers/clocksource/timer-sun5i.o
  CC      drivers/clocksource/arm_arch_timer.o
  AR      drivers/firmware/smccc/built-in.a
  AR      drivers/firmware/built-in.a
  CC      drivers/media/rc/keymaps/rc-fusionhdtv-mce.o
  CC      drivers/clocksource/dummy_timer.o
  CC      drivers/of/base.o
  AR      drivers/staging/media/built-in.a
  CC      drivers/crypto/allwinner/sun4i-ss/sun4i-ss-prng.o
  CC [M]  drivers/staging/rtl8723bs/core/rtw_ap.o
  AR      drivers/staging/built-in.a
  CC [M]  drivers/staging/rtl8723bs/core/rtw_btcoex.o
  CC      drivers/of/cpu.o
  CC      drivers/media/rc/keymaps/rc-gadmei-rm008z.o
  CC      drivers/media/rc/keymaps/rc-geekbox.o
  CC      drivers/media/rc/keymaps/rc-genius-tvgo-a11mce.o
  CC      drivers/mmc/core/sdio_bus.o
  CC      drivers/of/device.o
  CC      drivers/mmc/core/sdio_cis.o
  AR      drivers/crypto/allwinner/sun4i-ss/built-in.a
  CC      drivers/crypto/allwinner/sun8i-ce/sun8i-ce-core.o
  CC      drivers/crypto/allwinner/sun8i-ce/sun8i-ce-cipher.o
  CC      drivers/media/rc/keymaps/rc-gotview7135.o
  AR      drivers/clocksource/built-in.a
  CC      drivers/media/rc/keymaps/rc-hauppauge.o
  AR      drivers/platform/built-in.a
  CC      drivers/media/rc/keymaps/rc-hisi-poplar.o
  AR      drivers/crypto/hisilicon/built-in.a
  AR      drivers/crypto/intel/keembay/built-in.a
  AR      drivers/crypto/intel/ixp4xx/built-in.a
  AR      drivers/crypto/intel/built-in.a
  AR      drivers/crypto/starfive/built-in.a
  CC [M]  drivers/staging/rtl8723bs/core/rtw_cmd.o
  AR      drivers/crypto/cavium/built-in.a
  CC      drivers/crypto/allwinner/sun8i-ss/sun8i-ss-core.o
  CC      drivers/mmc/core/sdio_io.o
  CC      drivers/mmc/core/sdio_irq.o
  CC      drivers/mailbox/mailbox.o
  CC      drivers/devfreq/devfreq.o
  CC      drivers/of/module.o
  CC      drivers/media/rc/keymaps/rc-hisi-tv-demo.o
  AR      drivers/crypto/allwinner/sun8i-ce/built-in.a
  CC      drivers/of/platform.o
  CC [M]  drivers/staging/rtl8723bs/core/rtw_efuse.o
  CC      drivers/media/rc/keymaps/rc-imon-mce.o
  CC      drivers/of/property.o
  CC      drivers/mailbox/sun6i-msgbox.o
  CC      drivers/crypto/allwinner/sun8i-ss/sun8i-ss-cipher.o
  CC      drivers/mmc/core/sd_uhs2.o
  CC      drivers/media/rc/keymaps/rc-imon-pad.o
  CC      drivers/media/rc/keymaps/rc-imon-rsc.o
  CC      drivers/devfreq/governor_simpleondemand.o
  CC      drivers/of/kobj.o
  AR      drivers/mailbox/built-in.a
  CC      drivers/mmc/core/slot-gpio.o
  CC [M]  drivers/staging/rtl8723bs/core/rtw_io.o
  CC      drivers/media/rc/keymaps/rc-iodata-bctv7e.o
  CC      drivers/mmc/core/regulator.o
  CC      drivers/of/fdt.o
  AR      drivers/devfreq/built-in.a
  DTC     drivers/of/empty_root.dtb
  CC      drivers/mmc/core/pwrseq.o
  AR      drivers/crypto/allwinner/sun8i-ss/built-in.a
  AR      drivers/crypto/allwinner/built-in.a
  AR      drivers/crypto/built-in.a
  CC [M]  drivers/staging/rtl8723bs/core/rtw_ioctl_set.o
  CC      drivers/of/fdt_address.o
  CC      drivers/media/rc/keymaps/rc-it913x-v1.o
  CC      drivers/extcon/extcon.o
  CC      drivers/media/rc/keymaps/rc-it913x-v2.o
  CC      drivers/perf/arm_pmu.o
  CC      drivers/extcon/devres.o
  CC [M]  drivers/staging/rtl8723bs/core/rtw_ieee80211.o
  CC      drivers/mmc/core/debugfs.o
  CC      drivers/mmc/core/pwrseq_simple.o
  CC      drivers/mmc/core/pwrseq_emmc.o
  CC [M]  drivers/staging/rtl8723bs/core/rtw_mlme.o
  CC      drivers/media/rc/keymaps/rc-kaiomy.o
  CC      drivers/of/address.o
  CC      drivers/media/rc/keymaps/rc-khadas.o
  AR      drivers/extcon/built-in.a
  CC      drivers/mmc/core/block.o
  CC      drivers/perf/arm_pmu_platform.o
  AR      drivers/hwtracing/intel_th/built-in.a
  CC      drivers/media/rc/keymaps/rc-khamsin.o
  CC      drivers/media/rc/keymaps/rc-kworld-315u.o
  CC      drivers/media/rc/keymaps/rc-kworld-pc150u.o
  CC      drivers/perf/arm_v7_pmu.o
  CC      drivers/mmc/core/queue.o
  AR      drivers/android/built-in.a
  CC      drivers/of/irq.o
  CC      drivers/of/of_reserved_mem.o
  CC      drivers/media/rc/keymaps/rc-kworld-plus-tv-analog.o
  CC      drivers/nvmem/core.o
  CC      drivers/nvmem/layouts.o
  CC      drivers/media/rc/keymaps/rc-leadtek-y04g0051.o
  CC [M]  drivers/staging/rtl8723bs/core/rtw_mlme_ext.o
  AR      drivers/nvmem/layouts/built-in.a
  WRAP    drivers/of/empty_root.dtb.S
  CC [M]  drivers/staging/rtl8723bs/core/rtw_pwrctrl.o
  AS      drivers/of/empty_root.dtb.o
  CC      drivers/media/rc/keymaps/rc-lme2510.o
  CC      drivers/mux/core.o
  AR      drivers/perf/built-in.a
  CC      drivers/nvmem/sunxi_sid.o
  AR      drivers/of/built-in.a
  CC [M]  drivers/staging/rtl8723bs/core/rtw_recv.o
  CC [M]  drivers/staging/rtl8723bs/core/rtw_security.o
  CC [M]  drivers/staging/rtl8723bs/core/rtw_sta_mgt.o
  CC      drivers/media/rc/keymaps/rc-manli.o
  AR      drivers/mux/built-in.a
  CC [M]  drivers/staging/rtl8723bs/core/rtw_wlan_util.o
  CC      drivers/media/rc/keymaps/rc-mecool-kiii-pro.o
  CC [M]  drivers/staging/rtl8723bs/core/rtw_xmit.o
  CC      drivers/media/rc/keymaps/rc-mecool-kii-pro.o
  AR      drivers/mmc/core/built-in.a
  AR      drivers/mmc/built-in.a
  CC      drivers/media/rc/keymaps/rc-medion-x10-digitainer.o
  AR      drivers/nvmem/built-in.a
  CC      drivers/media/rc/keymaps/rc-medion-x10.o
  CC [M]  drivers/staging/rtl8723bs/hal/hal_intf.o
  CC      drivers/media/rc/keymaps/rc-medion-x10-or2x.o
  CC [M]  drivers/staging/rtl8723bs/hal/hal_com.o
  CC [M]  drivers/staging/rtl8723bs/hal/hal_com_phycfg.o
  CC      drivers/media/rc/keymaps/rc-minix-neo.o
  CC [M]  drivers/staging/rtl8723bs/hal/hal_btcoex.o
  CC      drivers/media/rc/keymaps/rc-msi-digivox-iii.o
  CC [M]  drivers/staging/rtl8723bs/hal/hal_sdio.o
  CC [M]  drivers/staging/rtl8723bs/hal/hal_pwr_seq.o
  CC      drivers/media/rc/keymaps/rc-msi-digivox-ii.o
  CC [M]  drivers/staging/rtl8723bs/hal/HalPhyRf.o
  CC [M]  drivers/staging/rtl8723bs/hal/HalPwrSeqCmd.o
  CC [M]  drivers/staging/rtl8723bs/hal/odm.o
  CC      drivers/media/rc/keymaps/rc-msi-tvanywhere.o
  CC [M]  drivers/staging/rtl8723bs/hal/odm_CfoTracking.o
  CC      drivers/media/rc/keymaps/rc-msi-tvanywhere-plus.o
  CC      drivers/media/rc/keymaps/rc-mygica-utv3.o
  CC [M]  drivers/staging/rtl8723bs/hal/odm_DIG.o
  CC      drivers/media/rc/keymaps/rc-nebula.o
  CC [M]  drivers/staging/rtl8723bs/hal/odm_DynamicBBPowerSaving.o
  CC      drivers/media/rc/keymaps/rc-nec-terratec-cinergy-xs.o
  CC      drivers/media/rc/keymaps/rc-norwood.o
  CC      drivers/media/rc/keymaps/rc-npgtech.o
  CC [M]  drivers/staging/rtl8723bs/hal/odm_DynamicTxPower.o
  CC [M]  drivers/staging/rtl8723bs/hal/odm_EdcaTurboCheck.o
  CC [M]  drivers/staging/rtl8723bs/hal/odm_HWConfig.o
  CC [M]  drivers/staging/rtl8723bs/hal/odm_RegConfig8723B.o
  CC      drivers/media/rc/keymaps/rc-odroid.o
  CC      drivers/media/rc/keymaps/rc-pctv-sedna.o
  CC      drivers/media/rc/keymaps/rc-pine64.o
  CC      drivers/media/rc/keymaps/rc-pinnacle-color.o
  CC [M]  drivers/staging/rtl8723bs/hal/rtl8723b_cmd.o
  CC      drivers/media/rc/keymaps/rc-pinnacle-grey.o
  CC [M]  drivers/staging/rtl8723bs/hal/rtl8723b_dm.o
  CC [M]  drivers/staging/rtl8723bs/hal/rtl8723b_hal_init.o
  CC      drivers/media/rc/keymaps/rc-pinnacle-pctv-hd.o
  CC [M]  drivers/staging/rtl8723bs/hal/rtl8723b_phycfg.o
  CC      drivers/media/rc/keymaps/rc-pixelview-002t.o
  CC [M]  drivers/staging/rtl8723bs/hal/rtl8723b_rf6052.o
  CC      drivers/media/rc/keymaps/rc-pixelview-mk12.o
  CC      drivers/media/rc/keymaps/rc-pixelview-new.o
  CC [M]  drivers/staging/rtl8723bs/hal/rtl8723b_rxdesc.o
  CC      drivers/media/rc/keymaps/rc-pixelview.o
  CC [M]  drivers/staging/rtl8723bs/hal/rtl8723bs_recv.o
  CC [M]  drivers/staging/rtl8723bs/hal/rtl8723bs_xmit.o
  CC      drivers/media/rc/keymaps/rc-powercolor-real-angel.o
  CC [M]  drivers/staging/rtl8723bs/hal/sdio_halinit.o
  CC      drivers/media/rc/keymaps/rc-proteus-2309.o
  CC      drivers/media/rc/keymaps/rc-purpletv.o
  CC      drivers/media/rc/keymaps/rc-pv951.o
  CC      drivers/media/rc/keymaps/rc-rc6-mce.o
  CC      drivers/media/rc/keymaps/rc-real-audio-220-32-keys.o
  CC [M]  drivers/staging/rtl8723bs/hal/sdio_ops.o
  CC [M]  drivers/staging/rtl8723bs/hal/HalBtc8723b1Ant.o
  CC      drivers/media/rc/keymaps/rc-reddo.o
  CC [M]  drivers/staging/rtl8723bs/hal/HalBtc8723b2Ant.o
  CC      drivers/media/rc/keymaps/rc-siemens-gigaset-rc20.o
  CC [M]  drivers/staging/rtl8723bs/hal/HalHWImg8723B_BB.o
  CC [M]  drivers/staging/rtl8723bs/hal/HalHWImg8723B_MAC.o
  CC      drivers/media/rc/keymaps/rc-snapstream-firefly.o
  CC      drivers/media/rc/keymaps/rc-streamzap.o
  CC [M]  drivers/staging/rtl8723bs/hal/HalHWImg8723B_RF.o
  CC      drivers/media/rc/keymaps/rc-su3000.o
  CC [M]  drivers/staging/rtl8723bs/hal/HalPhyRf_8723B.o
  CC      drivers/media/rc/keymaps/rc-tanix-tx3mini.o
  CC [M]  drivers/staging/rtl8723bs/os_dep/ioctl_cfg80211.o
  CC [M]  drivers/staging/rtl8723bs/os_dep/mlme_linux.o
  CC      drivers/media/rc/keymaps/rc-tanix-tx5max.o
  CC [M]  drivers/staging/rtl8723bs/os_dep/osdep_service.o
  CC [M]  drivers/staging/rtl8723bs/os_dep/os_intfs.o
  CC      drivers/media/rc/keymaps/rc-tbs-nec.o
  CC      drivers/media/rc/keymaps/rc-technisat-ts35.o
  CC      drivers/media/rc/keymaps/rc-technisat-usb2.o
  CC      drivers/media/rc/keymaps/rc-terratec-cinergy-c-pci.o
  CC [M]  drivers/staging/rtl8723bs/os_dep/recv_linux.o
  CC      drivers/media/rc/keymaps/rc-terratec-cinergy-s2-hd.o
  CC      drivers/media/rc/keymaps/rc-terratec-cinergy-xs.o
  CC [M]  drivers/staging/rtl8723bs/os_dep/sdio_intf.o
  CC      drivers/media/rc/keymaps/rc-terratec-slim-2.o
  CC      drivers/media/rc/keymaps/rc-terratec-slim.o
  CC [M]  drivers/staging/rtl8723bs/os_dep/sdio_ops_linux.o
  CC      drivers/media/rc/keymaps/rc-tevii-nec.o
  CC [M]  drivers/staging/rtl8723bs/os_dep/wifi_regd.o
  CC      drivers/media/rc/keymaps/rc-tivo.o
  CC [M]  drivers/staging/rtl8723bs/os_dep/xmit_linux.o
  CC      drivers/media/rc/keymaps/rc-total-media-in-hand-02.o
  CC      drivers/media/rc/keymaps/rc-total-media-in-hand.o
  CC      drivers/media/rc/keymaps/rc-trekstor.o
  CC      drivers/media/rc/keymaps/rc-tt-1500.o
  CC      drivers/media/rc/keymaps/rc-twinhan1027.o
  CC      drivers/media/rc/keymaps/rc-twinhan-dtv-cab-ci.o
  CC      drivers/media/rc/keymaps/rc-vega-s9x.o
  CC      drivers/media/rc/keymaps/rc-videomate-m1f.o
  CC      drivers/media/rc/keymaps/rc-videomate-s350.o
  CC      drivers/media/rc/keymaps/rc-videomate-tv-pvr.o
  CC      drivers/media/rc/keymaps/rc-videostrong-kii-pro.o
  CC      drivers/media/rc/keymaps/rc-wetek-hub.o
  CC      drivers/media/rc/keymaps/rc-wetek-play2.o
  LD [M]  drivers/staging/rtl8723bs/r8723bs.o
  CC      drivers/media/rc/keymaps/rc-winfast.o
  CC      drivers/media/rc/keymaps/rc-winfast-usbii-deluxe.o
  CC      drivers/media/rc/keymaps/rc-x96max.o
  CC      drivers/media/rc/keymaps/rc-xbox-360.o
  CC      drivers/media/rc/keymaps/rc-xbox-dvd.o
  CC      drivers/media/rc/keymaps/rc-zx-irdec.o
  AR      drivers/media/rc/keymaps/built-in.a
  AR      drivers/media/rc/built-in.a
  AR      drivers/media/built-in.a
  AR      drivers/built-in.a
  AR      built-in.a
  AR      vmlinux.a
  LD      vmlinux.o
  OBJCOPY modules.builtin.modinfo
  GEN     modules.builtin
  MODPOST Module.symvers
  CC      .vmlinux.export.o
  CC [M]  drivers/staging/rtl8723bs/r8723bs.mod.o
  CC [M]  .module-common.o
  LD [M]  drivers/staging/rtl8723bs/r8723bs.ko
  UPD     include/generated/utsversion.h
  CC      init/version-timestamp.o
  KSYMS   .tmp_vmlinux0.kallsyms.S
  AS      .tmp_vmlinux0.kallsyms.o
  LD      .tmp_vmlinux1
  NM      .tmp_vmlinux1.syms
  KSYMS   .tmp_vmlinux1.kallsyms.S
  AS      .tmp_vmlinux1.kallsyms.o
  LD      .tmp_vmlinux2
  NM      .tmp_vmlinux2.syms
  KSYMS   .tmp_vmlinux2.kallsyms.S
  AS      .tmp_vmlinux2.kallsyms.o
  LD      vmlinux
  NM      System.map
  SORTTAB vmlinux
  OBJCOPY arch/arm/boot/Image
  Kernel: arch/arm/boot/Image is ready
  LDS     arch/arm/boot/compressed/vmlinux.lds
  AS      arch/arm/boot/compressed/head.o
  GZIP    arch/arm/boot/compressed/piggy_data
  CC      arch/arm/boot/compressed/misc.o
  CC      arch/arm/boot/compressed/decompress.o
  CC      arch/arm/boot/compressed/string.o
  AS      arch/arm/boot/compressed/hyp-stub.o
  CC      arch/arm/boot/compressed/fdt_rw.o
  CC      arch/arm/boot/compressed/fdt_ro.o
  CC      arch/arm/boot/compressed/fdt_wip.o
  CC      arch/arm/boot/compressed/fdt.o
  CC      arch/arm/boot/compressed/atags_to_fdt.o
  CC      arch/arm/boot/compressed/fdt_check_mem_start.o
  AS      arch/arm/boot/compressed/lib1funcs.o
  AS      arch/arm/boot/compressed/ashldi3.o
  AS      arch/arm/boot/compressed/bswapsdi2.o
  AS      arch/arm/boot/compressed/piggy.o
  LD      arch/arm/boot/compressed/vmlinux
  OBJCOPY arch/arm/boot/zImage
  Kernel: arch/arm/boot/zImage is ready
Image Name:   SAXO Linux Kernel (T113-S3)
Created:      Wed Apr 15 21:35:52 2026
Image Type:   ARM Linux Kernel Image (uncompressed)
Data Size:    6342240 Bytes = 6193.59 KiB = 6.05 MiB
Load Address: 41800000
Entry Point:  41800000
SAXO Linux Kernel (T113-S3): uImage generado
